ILLINOIS,WITHHELD,3011
ILLINOIS,,130
ILLINOIS,CHICAGO,278
ILLINOIS,"LAKE FOREST",3
ILLINOIS,GURNEE,7
ILLINOIS,OSWEGO,2
ILLINOIS,GRAYSLAKE,3
ILLINOIS,EARLVILLE,2
ILLINOIS,ROCKFORD,3
ILLINOIS,WHEELING,4
ILLINOIS,BARTONVILLE,2
ILLINOIS,BERWYN,2
ILLINOIS,EVANSTON,8
ILLINOIS,BOURBONNAIS,2
ILLINOIS,ELGIN,7
ILLINOIS,"BUFFALO GROVE",1
ILLINOIS,BLOOMINGDALE,4
ILLINOIS,LIBERTYVILLE,3
ILLINOIS,"PARK RIDGE",5
ILLINOIS,BATAVIA,3
ILLINOIS,BELLEVILLE,3
ILLINOIS,LOMBARD,8
ILLINOIS,"HOLE, ST",1
ILLINOIS,SCHAUMBURG,4
ILLINOIS,MCHENRY,2
ILLINOIS,SPRINGFIELD,8
ILLINOIS,WOODRIDGE,6
ILLINOIS,GLENVIEW,5
ILLINOIS,BARRINGTON,3
ILLINOIS,CHARLESTON,2
ILLINOIS,BENTON,1
ILLINOIS,AMBOY,2
ILLINOIS,MURPHYSBORO,1
ILLINOIS,"GLEN ELLYN",1
ILLINOIS,"OAK PARK",11
ILLINOIS,"LAKE ZURICH",2
ILLINOIS,FLOSSMOOR,5
ILLINOIS,PALATINE,3
ILLINOIS,NAPERVILLE,8
ILLINOIS,NILES,4
ILLINOIS,EFFINGHAM,2
ILLINOIS,ELMHURST,2
ILLINOIS,DECATUR,3
ILLINOIS,PEKING,1
ILLINOIS,LEMONE,1
ILLINOIS,PRINCETON,2
ILLINOIS,JOILET,2
ILLINOIS,WENONA,1
ILLINOIS,THOMSPONVILLE,1
ILLINOIS,CHRISMAN,1
ILLINOIS,WASHINGTON,1
ILLINOIS,CARBONDALE,2
ILLINOIS,"HIGHLAND PARK",3
ILLINOIS,ALGONQUIN,2
ILLINOIS,"BUFFALO GROVE ",1
ILLINOIS,"VERNON HILLS",5
ILLINOIS,HIGHLAND,1
ILLINOIS,"UNION CITY",1
ILLINOIS,LAKEMOOR,1
ILLINOIS,"CHICAGO RIDGE",3
ILLINOIS,"SOUTH HOLLAND",1
ILLINOIS,AURORA,8
ILLINOIS,ROSCO,1
ILLINOIS,"TINLEY PARK",1
ILLINOIS,"PALATINE IL 60067,",1
ILLINOIS,ROSEMONT,1
ILLINOIS,"NORTH AURORA",1
ILLINOIS,"CRYSTAL LAKE",9
ILLINOIS,"OAK PARK,",1
ILLINOIS,ZION,3
ILLINOIS,WHEATON,6
ILLINOIS,WINNEBAZO,1
ILLINOIS,"CAROL STREAM ",1
ILLINOIS,"OAK LAWN",5
ILLINOIS,"LAKE FOREST ",1
ILLINOIS,"ARLINGTON HEIGHTS",7
ILLINOIS,"HOFFMAN ESTATES",3
ILLINOIS,"GRANITE CITY",2
ILLINOIS,ALTON,2
ILLINOIS,DECAUTER,1
ILLINOIS,"HARWOOD HEIGHTS",1
ILLINOIS,GLENDALE,1
ILLINOIS,WAUCONDA,2
ILLINOIS,"PROSPECT HEIGHTS",2
ILLINOIS,SKOKIE,3
ILLINOIS,"BLUE ISLAND ",1
ILLINOIS,"CRYSTAL LAKLE",1
ILLINOIS,CHAPIN,1
ILLINOIS,WESTMONT,5
ILLINOIS,LISLE,2
ILLINOIS,MANHATTAN,1
ILLINOIS,MALTA,1
ILLINOIS,PEORIA,5
ILLINOIS,ARTHUR,1
ILLINOIS,EDWARDSVILLE,3
ILLINOIS,TROY,1
ILLINOIS,LOCKPORT,1
ILLINOIS,WILMETTE,4
ILLINOIS,"DES PLAINES",9
ILLINOIS,MOKENA,2
ILLINOIS,HOMERGLENN,1
ILLINOIS,"DOWNERS GROVE",5
ILLINOIS,CARPENTERSVILLE,1
ILLINOIS,WAUKEGAN,3
ILLINOIS,MARINE,1
ILLINOIS,"MT PROSPECT",2
ILLINOIS,BOLINGBROOK,5
ILLINOIS,"ORLAND PARK",3
ILLINOIS,JOLIET,4
ILLINOIS,BENSENVILLE,3
ILLINOIS,LINDENHURST,4
ILLINOIS,SCHAMBURG,1
ILLINOIS,"LAGRANGE PARK",1
ILLINOIS,NORTHBROOK,1
ILLINOIS,JACKSONVILLE,1
ILLINOIS,NORTHFIELD,2
ILLINOIS,NORRIDGE,1
ILLINOIS,WADSWORTH,1
ILLINOIS,LIBERETYVILLE,1
ILLINOIS,"EAST PEORIA",2
ILLINOIS,"ST. CHARLES",1
ILLINOIS,"CHICAGO ",9
ILLINOIS,CHIACGO,2
ILLINOIS,INVERNESS,1
ILLINOIS,HAMPSHIRE,1
ILLINOIS,"ELK GROVE VILLAGE",3
ILLINOIS,WINNEBAGO,1
ILLINOIS,"MELROSE PARK",1
ILLINOIS,"ROLLING MEADOWS",2
ILLINOIS,RIVERWOODS,1
ILLINOIS,"OAKBROOK TERRACE",1
ILLINOIS,PLAINFIELD,3
ILLINOIS,CHATHAM,1
ILLINOIS,SAVOY,2
ILLINOIS,BEECHER,1
ILLINOIS,STERLING,1
ILLINOIS,"FAIRVIEW HEIGHTS",1
ILLINOIS,LEMONT,1
ILLINOIS,"NORTHBROOK  ",1
ILLINOIS,"MORTON GROVE",2
ILLINOIS,STREAMWOOD,2
ILLINOIS,"ELK GROVVE VILLAGE",1
ILLINOIS,"LANSING ",1
ILLINOIS,"SOUTH ELGIN",1
ILLINOIS,ROMEOVILLE,1
ILLINOIS,QUINCY,1
ILLINOIS,BURBANK,1
ILLINOIS,WINFIELD,1
ILLINOIS,ROCKDALE,1
ILLINOIS,"ROCK FALLS",1
ILLINOIS,"PALOS HEIGHTS",1
ILLINOIS,MOZZELLE,1
ILLINOIS,GENEVA,2
ILLINOIS,"ISLAND LAKE",1
ILLINOIS,ALQONQUIN,1
ILLINOIS,"LONG GROVE",3
ILLINOIS,OAKBROOK,2
ILLINOIS,"BOLLING BROOK",1
ILLINOIS,"PARK RIDGE ",1
ILLINOIS,WOODDALE,1
ILLINOIS,"SAUGET ",1
ILLINOIS,"SOUTH BARRINGTON",1
ILLINOIS,"FRANKLIN PARK",1
ILLINOIS,"HOMER GLEND",1
ILLINOIS,CRETE,1
ILLINOIS,"RICHTON PARK",1
ILLINOIS,ROSELLE,1
ILLINOIS,MUNDELEIN,1
ILLINOIS,"BERWYN ",1
ILLINOIS,"PALOS HILLS",2
ILLINOIS,GODFREY,1
ILLINOIS,"FRANKFORT ",1
ILLINOIS,CARPENTERSVILLVE,1
ILLINOIS,"HOMER GLEN",3
ILLINOIS,"MANHATTAN ",1
ILLINOIS,"ELMWOOD PARK",2
ILLINOIS,"ST JOSEPH",1
ILLINOIS,FOWLER,1
ILLINOIS,LEBANON,1
ILLINOIS,PALETINE,1
ILLINOIS,"PALOS PARK",1
ILLINOIS,TAYLORVILLE,1
ILLINOIS,YORKVILLE,1
ILLINOIS,MONTGOMERY,1
ILLINOIS,RIVERFOREST,1
ILLINOIS,NORMAL,1
ILLINOIS,BYRON,1
ILLINOIS,MARSEILLES,1
ILLINOIS,"BELLVILLE ",1
ILLINOIS,"ROVEBUFFALO G",1
ILLINOIS,BLOOMINGTON,2
ILLINOIS,MARION,1
ILLINOIS,"NORTH BROOK",1
ILLINOIS,"LA GRANGE ",1
ILLINOIS,WILLOWBROOK,1
ILLINOIS,BREESE,1
ILLINOIS,KANKAKEE,3
ILLINOIS,"CALUMET CITY",1
ILLINOIS,ITASCA,2
ILLINOIS,"GLEN CARBON",1
ILLINOIS,"EDWARDSVILLE ",1
ILLINOIS,"WEST DUNDEE",1
ILLINOIS,PEKIN,2
ILLINOIS,ANTIOCH,1
ILLINOIS,DELKAB,1
ILLINOIS,BRADLEY,1
ILLINOIS,"SPRINGFIELD ",1
ILLINOIS,"COUNTRY CLUB HILLS",2
ILLINOIS,"PARK FOREST",1
ILLINOIS,BRATLETT,1
ILLINOIS,PAXTON,1
ILLINOIS,ORION,1
ILLINOIS,"ROCK ISLAND",2
ILLINOIS," MURPHYSBORO  ",1
ILLINOIS,SHERIDAN,1
ILLINOIS,WATERLOO,1
ILLINOIS,SALEM,1
ILLINOIS,OAKLAWN,1
ILLINOIS,"THOMAS BORO",1
ILLINOIS,ST.CHARLES,1
ILLINOIS,DEERFIELD,1
ILLINOIS,"HANOVER PARK",1
ILLINOIS,"COAL VALLEY",1
ILLINOIS,ROSCOE,1
ILLINOIS,"WEST FRANKFORT",1
ILLINOIS,"RIVER ROAD",1
ILLINOIS,"STREAMWOOD ",1
ILLINOIS,LANSING,1
ILLINOIS,JUSTICE,1
ILLINOIS,CHAMPAIGN,3
ILLINOIS,"NEW LENOX",1
ILLINOIS,"BANNOCKBURN ",1
ILLINOIS,"EVERGREEN PARK",1
ILLINOIS,WESTCHESTER,1
ILLINOIS,CORTLAND,1
ILLINOIS,UNION,1
ILLINOIS,CUBA,1
ILLINOIS,KEWANEE,1
ILLINOIS,"HICKORY HILLS",2
ILLINOIS,PAWNEE,1
ILLINOIS,"GLILLESPIE ",1
ILLINOIS,PALANTINE,1
ILLINOIS,CARONDALE,1
ILLINOIS,"VIENNA  ",1
ILLINOIS,SYCAMORE,1
ILLINOIS,DEKALB,1
ILLINOIS," COAL VALLEY",1
ILLINOIS,FAIRFIELD,1
ILLINOIS,WOODSTOCK,1
ILLINOIS,GLENNWOOD,1
ILLINOIS,MEDINAH,1
ILLINOIS,MARENGO,1
ILLINOIS,"ARLINGTON HGHTS",1
ILLINOIS,CICERO,1
ILLINOIS,HINSDALE,1
ILLINOIS,"CAROL STREAM",1
ILLINOIS,NASHVILLE,1
ILLINOIS,"WOOD DALE",1
ILLINOIS,MAYWOOD,1
MASSACHUSETTS,,31
MASSACHUSETTS,QUINCY,6
MASSACHUSETTS,BOSTON,15
MASSACHUSETTS,CAMBRIDGE,15
MASSACHUSETTS,WORCESTER,4
MASSACHUSETTS,WITHHELD,4
MASSACHUSETTS,SOMERVILLE,3
MASSACHUSETTS,FRAMINGHAM,10
MASSACHUSETTS,"NEWTON CENTER",3
MASSACHUSETTS,"TURNERS FALLS",1
MASSACHUSETTS,"N. ATTLEBORO",2
MASSACHUSETTS,DENNIS,2
MASSACHUSETTS,BROCKTON,6
MASSACHUSETTS,PITTSFIELD,3
MASSACHUSETTS,"SOUTH BOSTON",1
MASSACHUSETTS,"FALL RIVERS",1
MASSACHUSETTS,BRIGHTON,5
MASSACHUSETTS,GREENFIELD,1
MASSACHUSETTS,HYANNIS,3
MASSACHUSETTS,CHEKOPEE,1
MASSACHUSETTS,BILLERICA,5
MASSACHUSETTS,"NORTH ANDOVER",3
MASSACHUSETTS,FLORENCE,1
MASSACHUSETTS,MANSFIELD,1
MASSACHUSETTS,BROOKLINE,4
MASSACHUSETTS,GROTON,1
MASSACHUSETTS,"SOMERVILLE ",1
MASSACHUSETTS,OXFORD,1
MASSACHUSETTS,FOXBORO,3
MASSACHUSETTS,"HYDE PARK",1
MASSACHUSETTS,STOUGHTON,2
MASSACHUSETTS,"FALL RIVER",8
MASSACHUSETTS,HOLDEN,1
MASSACHUSETTS,"S. WEYMOUTH",1
MASSACHUSETTS,HULL,1
MASSACHUSETTS,WEBSTER,2
MASSACHUSETTS,HINGHAM,2
MASSACHUSETTS,WALTHAN,1
MASSACHUSETTS,NEWTON,6
MASSACHUSETTS,MASHPEE,2
MASSACHUSETTS,LONDON,1
MASSACHUSETTS,"GREAT BARRINGTON",1
MASSACHUSETTS,WORCHESTER,2
MASSACHUSETTS,ALLSTON,2
MASSACHUSETTS,LITTLETON,1
MASSACHUSETTS,MEDFORD,2
MASSACHUSETTS,WHITMAN,1
MASSACHUSETTS,EVERETT,3
MASSACHUSETTS,METHUEN,2
MASSACHUSETTS,EASTHAMPTON,1
MASSACHUSETTS,WAREHAM,1
MASSACHUSETTS,"WHITMAN ",1
MASSACHUSETTS,WALTHAM,3
MASSACHUSETTS,DANVERS,3
MASSACHUSETTS,CHATHAM,2
MASSACHUSETTS,AMESBURY,2
MASSACHUSETTS,"NORTH BILLERICA",1
MASSACHUSETTS,COHASSET,1
MASSACHUSETTS,FORESTDALE,1
MASSACHUSETTS,"NEW BEDFORD",1
MASSACHUSETTS,"LEICESTER ",1
MASSACHUSETTS,HAVERHILL,2
MASSACHUSETTS,BLACKSTONE,1
MASSACHUSETTS,LAWRENCE,1
MASSACHUSETTS,AGAWAM,1
MASSACHUSETTS,DUXBURY,1
MASSACHUSETTS,TAUNTON,3
MASSACHUSETTS,SPRINGFIELD,2
MASSACHUSETTS,"EAST FALMOUTH",1
MASSACHUSETTS,MILFORD,1
MASSACHUSETTS,PEABODY,2
MASSACHUSETTS,SHREWSBURY,2
MASSACHUSETTS,FRANKLIN,2
MASSACHUSETTS,BRAINTREE,2
MASSACHUSETTS,READING,3
MASSACHUSETTS,CHELMSFORD,2
MASSACHUSETTS,WRENTHAM,4
MASSACHUSETTS,WESTFIELD,2
MASSACHUSETTS,HOPEDALE,1
MASSACHUSETTS,DRACUT,2
MASSACHUSETTS,NORWOOD,2
MASSACHUSETTS,GROVELAND,1
MASSACHUSETTS,"NORTH EASTON",1
MASSACHUSETTS,DORCHESTER,1
MASSACHUSETTS,WAKEFIELD,1
MASSACHUSETTS,HAVEN,1
MASSACHUSETTS,HOLBROOK,1
MASSACHUSETTS,HANDOVER,1
MASSACHUSETTS,DOUGLAS,1
MASSACHUSETTS,NATICK,1
MASSACHUSETTS,SHREWSBERY,1
MASSACHUSETTS,BEVERLY,1
MASSACHUSETTS,MALDEN,2
MASSACHUSETTS,WALPOLE,2
MASSACHUSETTS,WELLESLEY,1
MASSACHUSETTS,"NO DISABILITY",1
MASSACHUSETTS,"MASTON MILLS",1
MASSACHUSETTS,"BEVERLY ",1
MASSACHUSETTS,NEWBURYPORT,2
MASSACHUSETTS,ARLINGTON,2
MASSACHUSETTS,ATTLEBORO,1
MASSACHUSETTS,BREWSTER,1
MASSACHUSETTS,"HORN LAKE",1
MASSACHUSETTS,"WEST SPRINGFIELD",1
MASSACHUSETTS,ROSLINDALE,1
MASSACHUSETTS,FOXBOROUGH,1
MASSACHUSETTS,NEWTONVILLE,1
MASSACHUSETTS,BURLINGTON,1
MASSACHUSETTS,DORCHESTOR,1
MASSACHUSETTS,"BRIGHTON ",1
MASSACHUSETTS,"NORTH FALMOUTH",1
MASSACHUSETTS,WESTWOOD,1
MASSACHUSETTS,PLAINVILLE,1
MASSACHUSETTS,WINTHROP,1
MASSACHUSETTS,"WEST ROXBURY",1
MASSACHUSETTS,LOWEL,1
MASSACHUSETTS,"HARVARD  ",1
MASSACHUSETTS,DOVER,1
MASSACHUSETTS,NEEDHAM,2
MASSACHUSETTS,MELROSE,1
MASSACHUSETTS,WESTBOROUGH,1
MASSACHUSETTS,ACTON,1
MASSACHUSETTS,WESTBURROUGH,1
MASSACHUSETTS,"BURLINGTON ",1
MASSACHUSETTS,WARE,1
MASSACHUSETTS,"GREEN HARBOR",1
MASSACHUSETTS,SAUGUS,1
MASSACHUSETTS,BELMONT,1
MASSACHUSETTS,SUDBURY,1
MASSACHUSETTS,LYNN,2
MASSACHUSETTS,WILBRAHAM,1
MASSACHUSETTS,METHEUN,1
MASSACHUSETTS,"JAMAICA PLAIN",1
MASSACHUSETTS,CHESHIRE,1
MASSACHUSETTS,LOWELL,1
MASSACHUSETTS,AMHERST,1
MASSACHUSETTS,CHELSEA,1
MASSACHUSETTS,LELMINSTER,1
MASSACHUSETTS,MIDDLETON,1
MASSACHUSETTS,MILTON,1
MASSACHUSETTS,"MONUMENT BEACH",1
MASSACHUSETTS,MAGNOLIA,1
MASSACHUSETTS,"EAST SANDWICH ",1
MASSACHUSETTS,SEEKOMK,1
COLORADO,,18
COLORADO,BOULDER,5
COLORADO,DENVER,18
COLORADO,BROOMFIELD,2
COLORADO,MORRISON,1
COLORADO,WITHHELD,3
COLORADO,GREELEY,1
COLORADO,LAKEWOOD,2
COLORADO,LONGMONT,3
COLORADO,ENGLEWOOD,8
COLORADO,ASPEN,2
COLORADO,"CASTLE ROCK",4
COLORADO,CLIFTON,1
COLORADO,"WHEAT RIDGE",1
COLORADO,"FORT COLLINS",12
COLORADO,GUNNISON,1
COLORADO,"NORTH HAVEN",1
COLORADO,"BOULDER ",1
COLORADO,"COLORADO SPRINGS",10
COLORADO,LITTLETON,4
COLORADO,GOLDEN,3
COLORADO,"GLENWOOD SPRINGS",1
COLORADO,"ENGLEWOOD ",1
COLORADO,"DENVER ",1
COLORADO,PARKER,2
COLORADO,"GRAND JUNCTION",5
COLORADO,"HIGHLANDS RANCH",3
COLORADO,LAFAYETTE,1
COLORADO,THORTON,1
COLORADO,"LITTLETON ",1
COLORADO,EVANS,1
COLORADO,STERLING,2
COLORADO,CARBONDALE,1
COLORADO,"IDAHO SPRINGS",2
COLORADO,LOUISVILLE,2
COLORADO,THORNTON,3
COLORADO,ARVADA,4
COLORADO,AURORA,6
COLORADO,FRUITA,2
COLORADO,"LA JUNTA",1
COLORADO,HOYT,1
COLORADO,"ST GRAND JUNCTION ",1
COLORADO,EDWARDS,1
COLORADO,RANGELY,1
COLORADO,"ESTES PARK",1
COLORADO,WACO,1
COLORADO,DURANGO,1
COLORADO,TORRANCE,1
COLORADO,OURAY,1
COLORADO,SILT,1
COLORADO,FRISCO,1
COLORADO,"BAYFIELD ",1
COLORADO,"STERLING ",1
COLORADO," THORNTON  ",1
COLORADO,SUPERIOR,1
COLORADO,CORTEZ,1
COLORADO,"WEST MINSTER",1
COLORADO,BRECKINRIDGE,1
COLORADO,WESTMINSTER,3
COLORADO,FREDERICK,1
COLORADO,PLATTEVILLE,1
COLORADO,"STEAMBOAT SPRINGS",1
COLORADO,LOVELAND,1
COLORADO,"PUEBLO WEST",1
COLORADO,"ORT COLLINS",1
FLORIDA,"ALTAMONTE SPRINGS",5
FLORIDA,,96
FLORIDA,SARASOTA,7
FLORIDA,"NORTH MIAMI BEACH",9
FLORIDA,MIAMI,65
FLORIDA,"NEW PORT RICHEY",6
FLORIDA,"BELLEAIR BLUFFS",1
FLORIDA,LARGO,5
FLORIDA,HOLLYWOOD,11
FLORIDA,"MIAMI BEACH",7
FLORIDA,STUART,6
FLORIDA,BRADENTON,6
FLORIDA,ORANGE,1
FLORIDA,FT.MYERS,1
FLORIDA,EUSTIS,1
FLORIDA,"CORAL GABLES",8
FLORIDA,SUNRISE,3
FLORIDA,"BOCA RATON",10
FLORIDA,PINECREST,2
FLORIDA,PLANTATION,5
FLORIDA,"DAYTONA BEACH",6
FLORIDA,WITHHELD,3
FLORIDA,"PORT CHARLOTTE",1
FLORIDA,"LAKE MARY",3
FLORIDA,ORLANDO,33
FLORIDA,"POMPANO BEACH",4
FLORIDA,"FORT MYERS",9
FLORIDA,RUSKIN,1
FLORIDA,"BOYNTON BEACH",2
FLORIDA,TALLAHASSEE,6
FLORIDA,CLEARWATER,8
FLORIDA,"ST. PETERSBURG",2
FLORIDA,JUPITER,2
FLORIDA,"ROYAL PALM BEACH",3
FLORIDA,"ORLANDO,",1
FLORIDA,PENSACOLA,8
FLORIDA,VENICE,3
FLORIDA,"ROYAL BALM BEACH",1
FLORIDA,"WINTER PARK ",1
FLORIDA,KISSIMMEE,9
FLORIDA,MELBOURNE,5
FLORIDA,BRANDON,4
FLORIDA,"SAFETY HARBOR",1
FLORIDA,"FERNANDINA BEACH",1
FLORIDA,"PEMVOKE PPINES",1
FLORIDA,"CORAL SPRINGS",2
FLORIDA,"MERRITT ISLAND",5
FLORIDA,"CAPE CANAVERAL",2
FLORIDA,"WESLEY CHAPEL",2
FLORIDA,AVENTURA,3
FLORIDA,DELTONA,2
FLORIDA,"PEMBROKE PINES",6
FLORIDA,DAVIE,3
FLORIDA,OVIEDO,2
FLORIDA,TAMARAC,2
FLORIDA,"FORT LAUNDERDALE",1
FLORIDA,LANTANA,2
FLORIDA,"FORT MEYERS",2
FLORIDA,"NORTH PORT",2
FLORIDA,"PALM HARBOR",4
FLORIDA,LOCAHTAOW,1
FLORIDA,"LIVE OAK",1
FLORIDA,WELLINGTON,2
FLORIDA,VALRICO,1
FLORIDA,OCALA,5
FLORIDA,SUWANEE,1
FLORIDA,"LAKE PLACID,",1
FLORIDA," LOXAHATCHEE ",1
FLORIDA,"PORT ORANGE",1
FLORIDA,"LEHIGH ACRES",1
FLORIDA,JACKSONVILLE,21
FLORIDA,"LADY LAKE",3
FLORIDA,LOXAHATCHEE,2
FLORIDA,ROCKLEDGE,1
FLORIDA,"WEST PALM BEACH",5
FLORIDA,"BONITA SPRINGS",3
FLORIDA,"KAPE CANAVARL",1
FLORIDA,SEBRING,2
FLORIDA,OCOEE,1
FLORIDA,"PORT SAINT LUCIE",3
FLORIDA,ELLENTON,1
FLORIDA,"FT. LAUDERDALE",2
FLORIDA,"MYRTLE BEACH",1
FLORIDA,HOMOSASSA,1
FLORIDA,GAINSVILLE,1
FLORIDA,JUIPTER,1
FLORIDA,"WINTER PARK",4
FLORIDA,NAPLES,2
FLORIDA,HOMESTEAD,1
FLORIDA,MIDDLEBURG,2
FLORIDA,"ORMOND BEACH",2
FLORIDA,"ORANGE CITY",1
FLORIDA,"CUTLER BAY",2
FLORIDA,DORAL,2
FLORIDA,TAMPA,17
FLORIDA,"FORT LAUDERDALE",6
FLORIDA,SEFFNER,1
FLORIDA,WPB,1
FLORIDA,"PALM BEACH GARDENS",1
FLORIDA,DESTIN,2
FLORIDA,"LIGHTHOUSE POINT",1
FLORIDA,"SOUTH DAYTONA",1
FLORIDA,"COOPER CITY,",1
FLORIDA,MIAMA,1
FLORIDA,MILTON,1
FLORIDA,CARVER,1
FLORIDA,"PUNTA GORDA",1
FLORIDA,WINDERMERE,5
FLORIDA,TAMP,1
FLORIDA,"RIVERVIEW ",2
FLORIDA,"ST. PETERSBURG ",1
FLORIDA,"LAKE WORTH",2
FLORIDA,"PANAMA CITY",2
FLORIDA,"SPRING HILL",1
FLORIDA,"NORTH PALM BEACH",1
FLORIDA,"PANAMA CITY BEACH",2
FLORIDA,MARGATE,2
FLORIDA,COCOA,1
FLORIDA,"KEY WEST",1
FLORIDA,SEMINOLE,1
FLORIDA,"COOPER CITY",1
FLORIDA,"ORANGE PARK",4
FLORIDA,"BOCA RATON ",1
FLORIDA,NICEVILLE,1
FLORIDA,SOMMERFIELD,1
FLORIDA,"SAINT PETERSBURG",2
FLORIDA,"MIAMI LAKES",1
FLORIDA,DAVENPORT,2
FLORIDA,CLERMONT,3
FLORIDA,"DELRAY BEACH",6
FLORIDA,CANDLER,1
FLORIDA,JACKSONVILLW,1
FLORIDA,"ST CLOUD ",1
FLORIDA,"DAYTONA BEACH SHORES",1
FLORIDA,"PENN VALLEY",1
FLORIDA,"NAPLES ",1
FLORIDA,"PORT SAINT JOE",1
FLORIDA,GIBSON,1
FLORIDA,HIALEAH,3
FLORIDA,"LEIGH ACRES",1
FLORIDA,"OAKLAND PARK",2
FLORIDA,NOKOMIS,1
FLORIDA,"TREASURE ISLAND",1
FLORIDA,"BOYNOTN BEACH",1
FLORIDA,"MERRIT ISLAND",1
FLORIDA,"BAY HARBOR ISLANDS",1
FLORIDA,GRANT,1
FLORIDA,POITSHIP,1
FLORIDA,"PALM COAST",2
FLORIDA,TITUSVILLE,1
FLORIDA,TALLAHASSE,1
FLORIDA,DELAND,1
FLORIDA,BLOWNTSTOWN,1
FLORIDA,"ROYAL OAK, MI ",1
FLORIDA,ESTERO,2
FLORIDA,PARKLAND,1
FLORIDA,"PINELLAS PARK",2
FLORIDA,"HOBE SOUND",1
FLORIDA,SANFORD,1
FLORIDA,"DAYTON BEACH",1
FLORIDA,"CAPE CORAL ",1
FLORIDA,CASTLEBERRY,1
FLORIDA,OLIVE,1
FLORIDA,"DEERFIELD BEACH",4
FLORIDA,"COCONUT CREEK",1
FLORIDA,LAUDERHILL,5
FLORIDA,"ST MIAMI",1
FLORIDA,"DEL TONE",1
FLORIDA,"DELTONA,",1
FLORIDA,"PORT RICHEY",1
FLORIDA,"MIAMI BEACH ",2
FLORIDA,"KEYSTONE HGTS",1
FLORIDA,"DEL TONA",1
FLORIDA,SEBASTIAN,1
FLORIDA,"WINTER GARDEN",1
FLORIDA,"MIAMI ",1
FLORIDA,"FORT PIERCE",1
FLORIDA,"PEMBROKE PINES ",1
FLORIDA,ZEPHYRHILLS,1
FLORIDA,CLEWISTON,1
FLORIDA,"ORLANDO  ",1
FLORIDA,DEBARY,1
FLORIDA,SORRENTO,1
FLORIDA,COCO,1
FLORIDA,"PLANT CITY",2
FLORIDA,"DEL RAY BEACH",1
FLORIDA,APOPKA,2
FLORIDA,NAVARRE,1
FLORIDA,"NEW SMYRNA BEACH",1
FLORIDA,"FT LAUDERDALE",1
FLORIDA,"HALLANDALE BEACH",2
FLORIDA,DEBRY,1
FLORIDA,CORALSPRINGS,1
FLORIDA,HOLIDAY,1
FLORIDA,"SAINT PETERSBURG,",1
FLORIDA,LEESBURG,1
FLORIDA,"CAPE CORAL",3
FLORIDA,GROVELAND,1
FLORIDA,"FLAGLER BEACH",1
FLORIDA,MINNEOLA,1
FLORIDA,"THE VILLAGES",1
FLORIDA,"NEW SNYRNA BEACH",1
FLORIDA,DUNEDIN,1
FLORIDA,"ST PETE",1
FLORIDA,MORRISTON,1
FLORIDA,"WINTER SPRINGS",1
FLORIDA," PENSACOLA",1
FLORIDA,"FORT WALTON BEACH",1
FLORIDA,"DAYHARVER ISLAND",1
FLORIDA,"FORT WALTON BEACH ",1
FLORIDA,"ST PETERSBURG",1
FLORIDA,"FT.  LAUDERDALE",1
FLORIDA,"HIALEAH GARDENS",1
FLORIDA,"BOCA ROTAN",1
FLORIDA,"WINTER PARK    ",1
FLORIDA,"INDIA ALANTIC",1
FLORIDA,RIVERVIEW,1
FLORIDA,CANTONMENT,1
FLORIDA,"WESTLY CHAPEL",1
FLORIDA,"MEXICO DF",1
FLORIDA,"WINTER HAVEN",1
FLORIDA,CINCINNATI,1
FLORIDA,INVERNESS,2
FLORIDA,"SUNNY ISLES BEACH",1
FLORIDA,HILEAH,1
FLORIDA,LAKELAND,1
FLORIDA,BRISTOL,2
FLORIDA,GAINESVILLE,3
FLORIDA,CASSELBERRY,1
FLORIDA,TRINTY,1
FLORIDA,TALAHASSEE,1
FLORIDA,"LEIGH ARCHES",1
FLORIDA," INDIALANTIC,  ",1
FLORIDA,"MIRAMAR BEACH",1
FLORIDA,"SOUTHWEST RANCHES",1
FLORIDA,"PORT SAINT LUCIE ",1
FLORIDA,TRINITY,1
FLORIDA,"POLK CITY",1
FLORIDA,INDIALANTIC,1
ALABAMA,,9
ALABAMA,HUNTSVILLE,10
ALABAMA,MOBILE,7
ALABAMA,TRUSSVILLE,2
ALABAMA,JASPER,1
ALABAMA,LINCOLN,1
ALABAMA,BRANTLEY,1
ALABAMA,COTTONWOOD,1
ALABAMA,MONTGOMERY,8
ALABAMA,TUSCALOOSA,3
ALABAMA,BIRMINGHAM,12
ALABAMA,BESSEMER,2
ALABAMA,DOTHAN,4
ALABAMA,PINSON,2
ALABAMA,PRICHARD,1
ALABAMA,HOMEWOOD,1
ALABAMA,JEMISON,1
ALABAMA,"ALABASTER ",1
ALABAMA,"BESSEMER ",1
ALABAMA,TRUSSBILLE,1
ALABAMA,FAIRHOPE,1
ALABAMA,DAPHNE,1
ALABAMA,MADISON,3
ALABAMA,OZARK,2
ALABAMA,CHEROKEE,1
ALABAMA,HOOVER,1
ALABAMA,LONDON,1
ALABAMA,IRONDALE,1
ALABAMA,"TUSCALOOSA ",1
ALABAMA,LOXLEY,2
ALABAMA,HAZELGREEN,1
ALABAMA,"FORT RUCKER",1
ALABAMA,MONGTOMERY,1
ALABAMA,"HAZEL GREEN",1
ALABAMA,"RAINBOW CITY",1
ALABAMA,WINFIELD,1
ALABAMA,TROY,1
ALABAMA,"HUNTSVILLE ",1
ALABAMA,ENTERPRISE,3
ALABAMA,DECATUR,1
ALABAMA,NORTHPORT,1
ALABAMA,OPELIKA,1
ALABAMA,"MOUNTAIN BROOK",1
ALABAMA,ALABASTER,1
ALABAMA,"PHENIX CITY",1
ALABAMA,SATSUMA,1
ALABAMA,THEODORE,1
ALABAMA,MONTEVALLO,1
ALABAMA,FLORENCE,1
ALABAMA,GARDENDALE,1
ALABAMA,HARTSELLE,1
ALABAMA,PELHAM,1
ALABAMA,"ALEXANDER CITY",1
"NEW YORK",,17
"NEW YORK","E-ELMHURST ",1
"NEW YORK",LSKLDJL,1
"NEW YORK",BROOKLYN,10
"NEW YORK","EAST ELMHURST",2
"NEW YORK","MOUNT KISCO",2
"NEW YORK",WANTAGH,1
"NEW YORK",LIVERPOOL,3
"NEW YORK","PUTNAM VALLEY",1
"NEW YORK",NEWBURGH,1
"NEW YORK","NEW YORK",14
"NEW YORK",ASDF,1
"NEW YORK",MONROE,1
"NEW YORK","SARANAC LAKE",1
"NEW YORK",PEEKSKILL,1
"NEW YORK",SCHENECTADY,1
"NEW YORK","HOWARD BEACH",1
"NEW YORK","STATEN ISLAND",3
"NEW YORK",BRONX,2
"NEW YORK","ROCKVILLE CENTRE",1
"NEW YORK",MINEOLA,1
"NEW YORK","SPRINGFIELD GARDENS",1
"NEW YORK",LEVITTOWN,1
"NEW YORK",HUNTINGTON,1
"NEW YORK",APO,2
"NEW YORK","VALLEY SPRING",1
"NEW YORK","JACKSON HEIGHTS",1
"NEW YORK","COURTLAND MANOR ",1
"NEW YORK",RIDGEWOOD,1
"NEW YORK",DELMAR,1
"NEW YORK",WEBSTER,1
"NEW YORK",DPO,1
"NEW YORK",SHIRLEY,1
"NEW YORK","SCHENECTADY,",1
"NEW YORK","PORT JEFFERSON STATION",1
"NEW YORK",HEUVELTON,1
"NEW YORK",BAYVILLE,1
"NEW YORK",APALACHIN,1
"NEW YORK",BAYSIDE,1
"NEW YORK","NEW YORK ",1
"NEW YORK",BROOKLAND,1
"NEW YORK",LINDENHURST,1
"NEW YORK","SPRING VALLEY",1
"NEW YORK",WASHINGTONVILLE,1
"NEW YORK","BRONX VILLE",1
"NEW YORK",MANLIUS,1
"NEW YORK",CLEARWATER,1
"NEW YORK",NORTHPORT,1
"NEW YORK","BALLSTON LAKE",1
"NEW YORK","POUND RIDGE",1
"NEW YORK",ENDECOT,1
"NEW YORK",CARMEL,2
"NEW YORK",JACKSON,1
"NEW YORK","CAMBRIA HGTS",1
"NEW YORK",BALDWINSVILLE,1
"NEW YORK",FLUSHING,2
"NEW YORK",ALMOND,1
"NEW YORK",SYRACUSE,1
"NEW YORK",DELLMORE,1
"NEW YORK",HILLBURN,1
"NEW YORK","PORT WASHINGTON",1
"NEW YORK",MELZILLE,1
"NEW YORK",BALSWINSVILLE,1
"NEW YORK","ALBANY ",1
"NEW YORK",BRIDGEHEETON,1
"NEW YORK",SCARSDALE,1
"NEW YORK","HUNTINGTON STATION",1
"NEW YORK","EAST AURORA",1
"NEW YORK",SEAFORD,1
"NEW YORK",YONKERS,1
TENNESSEE,MEMPHIS,12
TENNESSEE,CLARKSVILLE,4
TENNESSEE,NASVILLE,1
TENNESSEE,CORDOVA,2
TENNESSEE,,13
TENNESSEE,"CHATTANOOGA ",1
TENNESSEE,BRISTOL,1
TENNESSEE,COOKEVILLE,2
TENNESSEE,MEMPIS,1
TENNESSEE,NASHVILLE,16
TENNESSEE,"JOHNSON CITY",1
TENNESSEE,WAYNESBORO,1
TENNESSEE,CHATTANOOGA,5
TENNESSEE,MURFREESBORO,7
TENNESSEE,FRANKLIN,3
TENNESSEE,JACKSON,2
TENNESSEE,MURFESBORO,1
TENNESSEE,MARYVILLE,3
TENNESSEE,MADISON,1
TENNESSEE,KNOXBVILLE,1
TENNESSEE,KNOXVILLE,10
TENNESSEE,NASHVILLW,1
TENNESSEE,GERMANTOWN,1
TENNESSEE,MISSON,1
TENNESSEE,PARIS,1
TENNESSEE,MURFEESBORO,1
TENNESSEE,HENDERSONVILLE,2
TENNESSEE,"MOUNTAIN CITY ",1
TENNESSEE,MCKENZIE,2
TENNESSEE,KINGSPORT,2
TENNESSEE,LAKELAND,1
TENNESSEE,CLEVELAND,2
TENNESSEE," MURFREESBORO",1
TENNESSEE,ANTIOCH,4
TENNESSEE,"JOHNSON CITY,",1
TENNESSEE,MUFREESBORO,1
TENNESSEE,MURFRESSBORO,1
TENNESSEE,MCDONALD,1
TENNESSEE,COVINGTON,1
TENNESSEE,"COLLEGE GROVE",1
TENNESSEE,PEGRAM,1
TENNESSEE,"KINGSTON SPRINGS",1
TENNESSEE,"MOUNT JULIET",1
TENNESSEE,SMYRNA,1
TENNESSEE,ARLINGTON,1
TENNESSEE,SHELBYVILLE,1
TENNESSEE,SEVIERVILLE,2
TENNESSEE,"MOUNT PLEASANT ",1
TENNESSEE,COLOMBIS,1
TENNESSEE,"COLUMBIA ",1
TENNESSEE,HERMITAGE,1
TENNESSEE,SHELBYBILLE,1
GEORGIA,,36
GEORGIA,CONYERS,2
GEORGIA,ATLANTA,35
GEORGIA,WOODSTOCK,4
GEORGIA,SAVANNAH,13
GEORGIA,DECATUR,4
GEORGIA,MARIETTA,8
GEORGIA,RIVERDALE,9
GEORGIA,"STONE MOUNTAIN",4
GEORGIA,WITHHELD,2
GEORGIA,DACULA,2
GEORGIA,RINGGOLD,1
GEORGIA,COVINGTON,2
GEORGIA,SMYRNA,4
GEORGIA,STATHAM,1
GEORGIA,MILLWOOD,1
GEORGIA,ROME,2
GEORGIA,MACONGE,1
GEORGIA,DOUGLASVILLE,3
GEORGIA,DECAUTER,1
GEORGIA,HINDSVILLE,1
GEORGIA,ATHENS,3
GEORGIA,STOCKBRIDGE,5
GEORGIA,EVANS,2
GEORGIA,HOMERVILLE,1
GEORGIA,MONTEZUMA,1
GEORGIA,"WAY CROSS",1
GEORGIA,AUSTELL,3
GEORGIA,COLUMBUS,9
GEORGIA,SANDESRVILLE,1
GEORGIA,ALPHARETTA,8
GEORGIA,GRIFFIN,2
GEORGIA,SNELLVILLE,2
GEORGIA,"COLLEGE PARK",2
GEORGIA,LAWRENCEVILLE,7
GEORGIA,"WARNER ROBINS",1
GEORGIA,BRUNSWICK,3
GEORGIA,"ALANTA ",1
GEORGIA,BUFORD,4
GEORGIA,BEAUFORD,1
GEORGIA,CUMMING,3
GEORGIA,TUCKER,1
GEORGIA,DULUTH,2
GEORGIA,"ACWORTH ",1
GEORGIA,KINGSLAND,1
GEORGIA,LITHONIA,2
GEORGIA,"PEACHTREE CITY",1
GEORGIA,"LOOKOUT MOUNTAIN",1
GEORGIA,MACON,3
GEORGIA,NORCROSS,2
GEORGIA,"EAST POINT",2
GEORGIA,"VILLA RICA",2
GEORGIA,LOGANVILLE,3
GEORGIA,CLARKESVILLE,2
GEORGIA,RINCON,2
GEORGIA,"LOCUST GROVE",1
GEORGIA,"JOHNS CREEK",1
GEORGIA,CARROLLTON,2
GEORGIA,DUNWOODY,1
GEORGIA,STATESBORO,1
GEORGIA,ELLENWOOD,1
GEORGIA,"LAWRENCEVILLE  ",2
GEORGIA,ACWORTH,4
GEORGIA,WINSTON,1
GEORGIA,CLARKSTON,1
GEORGIA,ATHERS,1
GEORGIA,"DORRVILLE ",1
GEORGIA,MORVEN,1
GEORGIA,DALLAS,3
GEORGIA,GRAY,1
GEORGIA,AUGUSTA,3
GEORGIA,DAWSONVILLE,1
GEORGIA,"SUWANEE ",1
GEORGIA,ALBANY,3
GEORGIA,DAHLONEGA,1
GEORGIA,FAYETTEVILLE,1
GEORGIA,CHATSWORTH,1
GEORGIA,KENETH,1
GEORGIA,"POWDER SPRINGS",1
GEORGIA,"JONESBOROUGH ",1
GEORGIA,"FLOWERY BRANCH",2
GEORGIA,"SAVANNAH ",1
GEORGIA,MIDWAY,1
GEORGIA,SOPERTON,1
GEORGIA,"ROSEWELL ",1
GEORGIA,CANTON,1
GEORGIA,FORTSON,1
GEORGIA,GRIFFENT,1
GEORGIA,BOSTON,1
GEORGIA,CARTERSVILLE,1
GEORGIA,SHILOH,1
GEORGIA,SUWANEE,2
GEORGIA,ALTANTA,1
GEORGIA,"MARRIETTA ",1
GEORGIA,POOLER,1
GEORGIA,"UNION CITY",1
GEORGIA,MCDONUGH,1
GEORGIA,"MARIETTA ",1
GEORGIA,QUITMAN,1
GEORGIA,MCDONOUGH,1
GEORGIA,"ATLANTA ",1
GEORGIA,COLOMBUS,1
GEORGIA,WHITE,1
GEORGIA,BRISTOL,1
GEORGIA,WINDER,1
GEORGIA,MABLETON,1
GEORGIA,MUSELLA,1
GEORGIA,"ST SIMONS ISLAND",1
GEORGIA,"SANDY SPRINGS",1
PENNSYLVANIA,PHILADELPHIA,29
PENNSYLVANIA,"NORTH HUNTINGDON",1
PENNSYLVANIA,KINGSTON,1
PENNSYLVANIA,,51
PENNSYLVANIA,HAVERTOWN,2
PENNSYLVANIA,"WEST CHESTER",2
PENNSYLVANIA,LANCASTER,5
PENNSYLVANIA,YORK,5
PENNSYLVANIA,ALLENTOWN,7
PENNSYLVANIA,GIRARD,4
PENNSYLVANIA,HAVERFORD,1
PENNSYLVANIA,MONROEVILLE,3
PENNSYLVANIA,MOSCOW,1
PENNSYLVANIA,WINDBER,1
PENNSYLVANIA,WAYNE,2
PENNSYLVANIA,CONCORDVILLE,2
PENNSYLVANIA,CRAFTON,2
PENNSYLVANIA,ETTERS,2
PENNSYLVANIA,"NEW KENSINGTON",1
PENNSYLVANIA,CORAOPOLIS,2
PENNSYLVANIA,"EAST STROUDSBURG",1
PENNSYLVANIA,"NORTH VERSAILLES",2
PENNSYLVANIA,SCRANTON,3
PENNSYLVANIA,NEWTOWN,2
PENNSYLVANIA,PITTSBURGH,22
PENNSYLVANIA,"WILKES BARRE,",1
PENNSYLVANIA,"NEWTON SQUARE",2
PENNSYLVANIA,"HARRISBURG ",1
PENNSYLVANIA,READING,1
PENNSYLVANIA,"ALTOONA,",1
PENNSYLVANIA,ASPINWALL,2
PENNSYLVANIA,COLLEGEVILLE,2
PENNSYLVANIA,MEDIA,2
PENNSYLVANIA,PITTSBURG,1
PENNSYLVANIA,BRISTOL,2
PENNSYLVANIA,BATH,1
PENNSYLVANIA,"KING OF PRUSSIA",2
PENNSYLVANIA,"CRANBERRY TOWNSHIP",2
PENNSYLVANIA,POTTSVILLE,2
PENNSYLVANIA,CHAMBERSBURG,5
PENNSYLVANIA,POTTSTOWN,1
PENNSYLVANIA,ERIE,4
PENNSYLVANIA,JENKINTOWN,1
PENNSYLVANIA,CARLISLE,1
PENNSYLVANIA,SECANE,1
PENNSYLVANIA,"BEAVER FALLS",2
PENNSYLVANIA,"WILKES BARRE",1
PENNSYLVANIA,HAWLEY,1
PENNSYLVANIA,"BALA CYNWYD",1
PENNSYLVANIA,VERONA,1
PENNSYLVANIA,DOYLESTOWN,4
PENNSYLVANIA,"PHILADELPHIA ",1
PENNSYLVANIA,MCELHATTAN,1
PENNSYLVANIA,BIRDSBORO,1
PENNSYLVANIA,PHILIPHIA,1
PENNSYLVANIA,MCMURRAY,3
PENNSYLVANIA,MILLERSBURG,1
PENNSYLVANIA,BULTER,1
PENNSYLVANIA,MACUNGIE,2
PENNSYLVANIA,"BETHLEHEM,",1
PENNSYLVANIA,"STROUDSBURG ",1
PENNSYLVANIA,NORRISTOWN,1
PENNSYLVANIA,BENSALEM,2
PENNSYLVANIA,BLOOMSBERG,1
PENNSYLVANIA,PHILEDELPHIA,1
PENNSYLVANIA,HARRISBURG,6
PENNSYLVANIA,"GARNET VALLEY",2
PENNSYLVANIA,DEVON,1
PENNSYLVANIA,INDIANA,1
PENNSYLVANIA,"NEW CASTLE",3
PENNSYLVANIA,PHOENIXVILLE,3
PENNSYLVANIA,"CRANBERRY TWP",2
PENNSYLVANIA,MARYSVILLE,2
PENNSYLVANIA,"BLUE BEL",1
PENNSYLVANIA,"NEW HOPE",1
PENNSYLVANIA,"GLEN MILLS",1
PENNSYLVANIA,BEAVER,1
PENNSYLVANIA,AMBRIDGE,1
PENNSYLVANIA,HORSHAM,2
PENNSYLVANIA,MILFORD,1
PENNSYLVANIA,"MOUNT JOY",1
PENNSYLVANIA,"ST. MARYS",1
PENNSYLVANIA,"NEW PROVIDENCE",1
PENNSYLVANIA,"LOWER BURRELL",1
PENNSYLVANIA,LILLY,1
PENNSYLVANIA,CANONSBURG,2
PENNSYLVANIA,COOPERSBURG,1
PENNSYLVANIA,GIBSONIA,4
PENNSYLVANIA,"LANCASTER ",3
PENNSYLVANIA,"NEWTO SQUARE",1
PENNSYLVANIA,NANTICOKE,1
PENNSYLVANIA,"MOUNTAIN TOP",2
PENNSYLVANIA,"BETHEL PARK",1
PENNSYLVANIA,PLAINS,1
PENNSYLVANIA,LEBANON,1
PENNSYLVANIA,YARDLEY,1
PENNSYLVANIA,"PITTSBURGH ",3
PENNSYLVANIA,BRADFORD,1
PENNSYLVANIA,WAYNESBORO,1
PENNSYLVANIA,LANSDALE,2
PENNSYLVANIA,BOYERTOWN,2
PENNSYLVANIA,COATESVILLE,1
PENNSYLVANIA,"DORRANCE ST.",1
PENNSYLVANIA,ROSLYN,1
PENNSYLVANIA,"GROVE CITY",1
PENNSYLVANIA,"FOLSOM ",1
PENNSYLVANIA,VENETIA,2
PENNSYLVANIA,WASHINGTON,2
PENNSYLVANIA,UNIONTOWN,1
PENNSYLVANIA,QUAKERTOWN,2
PENNSYLVANIA,"KENNETT SQUARE",1
PENNSYLVANIA,ATHENS,1
PENNSYLVANIA,"CLARKS SUMMIT",2
PENNSYLVANIA,APOLLO,1
PENNSYLVANIA,"ST COLLEGE",1
PENNSYLVANIA,BUSHKILL,1
PENNSYLVANIA,PORTAGE,1
PENNSYLVANIA,PHILADEPHIA,1
PENNSYLVANIA,HUMMELSTOWN,1
PENNSYLVANIA,"DOWNINGTOWN ",1
PENNSYLVANIA,HAMLIN,1
PENNSYLVANIA,"MOON TOWNSHIP",1
PENNSYLVANIA,"LANCASTER  ",1
PENNSYLVANIA,JAMISON,1
PENNSYLVANIA,GLENMOORE,1
PENNSYLVANIA,"UPPER DARBY ",1
PENNSYLVANIA,SOUDERTON,2
PENNSYLVANIA,WYOMING,1
PENNSYLVANIA,JOHNSTOWN,1
PENNSYLVANIA,"LYON  ",1
PENNSYLVANIA,"HANOVER TOWNSHIP ",1
PENNSYLVANIA,"LAFAYETTE HILL",1
PENNSYLVANIA,LEVITTOWN,2
PENNSYLVANIA,GALETON,1
PENNSYLVANIA,CLARION,1
PENNSYLVANIA,WARMINSTER,1
PENNSYLVANIA,GREENSBURG,1
PENNSYLVANIA,PUNXSUTAWNEY,1
PENNSYLVANIA,"EXPORT ",1
PENNSYLVANIA,TOWANDA,1
PENNSYLVANIA,SALTSBURG,1
PENNSYLVANIA,EDINBORO,2
PENNSYLVANIA,BRIDGEWATER,1
PENNSYLVANIA,"ELLWOOD CITY",2
PENNSYLVANIA,SAYRE,1
PENNSYLVANIA,"COAL TOWNSHIP",2
PENNSYLVANIA,CONNELLSVILLE,1
PENNSYLVANIA,SPRINGDALE,1
PENNSYLVANIA,BETHLEHEM,4
PENNSYLVANIA,SELLERSVILLE,1
PENNSYLVANIA,CRESCO,1
PENNSYLVANIA,MILNESVILLE,1
PENNSYLVANIA,KINTNERSVILLE,2
PENNSYLVANIA,SAYLORSBURG,1
PENNSYLVANIA,"BLUE BELL",2
PENNSYLVANIA,FOLSOM,1
PENNSYLVANIA,BLANDON,1
PENNSYLVANIA,"WEST POINT",1
PENNSYLVANIA,YEADON,1
PENNSYLVANIA,HERSHEY,1
PENNSYLVANIA,HELLAM,1
PENNSYLVANIA,"SPRINGHOUSE  ",1
PENNSYLVANIA,WHITEHALL,1
PENNSYLVANIA,"NEW BRIGHTON",1
PENNSYLVANIA,"WEST PITSON",1
PENNSYLVANIA,"ELLWOOD CITY ",1
PENNSYLVANIA,ARDMORE,1
PENNSYLVANIA,ELIZABETHTOWN,1
PENNSYLVANIA,"MARCUS HOOK",1
PENNSYLVANIA,LEBANNON,1
PENNSYLVANIA,HATBORO,1
PENNSYLVANIA,SHILLINGTON,1
PENNSYLVANIA,PHILADLEPHIA,1
PENNSYLVANIA,LEESPORT,1
PENNSYLVANIA,CRESCENT,1
PENNSYLVANIA,PHILEXDELPHIA,1
PENNSYLVANIA,OXFORD,1
PENNSYLVANIA,BRADDOCK,1
PENNSYLVANIA,TELFORD,1
PENNSYLVANIA,RICHBORO,1
PENNSYLVANIA,DOWNINGTOWN,1
PENNSYLVANIA,"212 STONE RIDGE DRIVE",1
PENNSYLVANIA,DOUGLASSVILLE,1
PENNSYLVANIA,ENOLA,1
PENNSYLVANIA,"HAZLE TOWNSHIP",1
PENNSYLVANIA,FEASTERVILLE,1
PENNSYLVANIA,ALIQUIPPA,1
PENNSYLVANIA,"SAINT MARYS",1
PENNSYLVANIA,"WEST LEECHBURG ",1
PENNSYLVANIA,CHESTER,1
PENNSYLVANIA,ALDEN,1
PENNSYLVANIA,CHESTERBROOK,1
PENNSYLVANIA,OHIOPYLE,1
PENNSYLVANIA,EASTON,2
PENNSYLVANIA,MECHANICSBURG,2
PENNSYLVANIA,"SOUTH PARK",1
PENNSYLVANIA,HOLLAND,1
PENNSYLVANIA,"BENSALEM ",1
PENNSYLVANIA,TUNKHANNOCK,1
PENNSYLVANIA,READNOR,1
PENNSYLVANIA,BLAIRSVILLE,1
PENNSYLVANIA,FREELAND,1
PENNSYLVANIA,"LINCOLN UNIVERSITY",1
PENNSYLVANIA,GREENTOWN,1
PENNSYLVANIA,"ABBOTTS TOWN",1
PENNSYLVANIA,"DICKSON CITY",1
PENNSYLVANIA,"BOILING SPRINGS",1
PENNSYLVANIA,OLEY,1
PENNSYLVANIA,CONSHOHOCKEN,1
PENNSYLVANIA,"DUNMORE ",1
PENNSYLVANIA,ALTOONA,1
PENNSYLVANIA,SKIPPACK,1
PENNSYLVANIA," CORAOPOLIS",1
PENNSYLVANIA,DILOSBURG,1
CALIFORNIA,,148
CALIFORNIA,"DANA POINT",1
CALIFORNIA,VENTURA,6
CALIFORNIA,"LAGUNA NIGUEL",2
CALIFORNIA,UKIAH,2
CALIFORNIA,"LAGUNA BEACH",1
CALIFORNIA,OCEANO,1
CALIFORNIA,"MENLO PARK",2
CALIFORNIA,BELLFLOWER,1
CALIFORNIA,"SAN DIEGO",31
CALIFORNIA,HOLLYWOOD,3
CALIFORNIA,LIVERMORE,5
CALIFORNIA,VACAVILLE,6
CALIFORNIA,"THOUSAND OAKS ",4
CALIFORNIA,FULLERTON,3
CALIFORNIA,"CLEARLAKE ",1
CALIFORNIA,"DALY CITY",3
CALIFORNIA,WITHHELD,6
CALIFORNIA,SEBASTOPOL,1
CALIFORNIA,SACRAMENTO,16
CALIFORNIA,ESCONDIDO,6
CALIFORNIA,BERKELEY,11
CALIFORNIA,"SANTA BARBARA",12
CALIFORNIA,"PALO ALTO",5
CALIFORNIA,ROSEVILLE,5
CALIFORNIA,"VISALIA,",1
CALIFORNIA,OAKLAND,13
CALIFORNIA,"SAN RAMON",4
CALIFORNIA,"WESTLAKE VILLAGE",1
CALIFORNIA,"LAGUNA HILLS",1
CALIFORNIA,"NORTH HOLLYWOOD",9
CALIFORNIA,ASDF,11
CALIFORNIA,ASDFLKJ,1
CALIFORNIA,"SANTA CLARA",5
CALIFORNIA,"SAN MATEO",7
CALIFORNIA,"HUNTINGTON BEACH",1
CALIFORNIA,WESTCHESTER,3
CALIFORNIA,OCEANSIDE,5
CALIFORNIA,GLENDORA,3
CALIFORNIA,"MANHATTAN BEACH",1
CALIFORNIA,"CHULA VISTA",3
CALIFORNIA,"SANTA ROSA",9
CALIFORNIA,BARSTOW,2
CALIFORNIA,RIVERSIDE,6
CALIFORNIA,"PLEASANT HILL",3
CALIFORNIA,ANTELOPE,1
CALIFORNIA,"RANCHO CUCAMONGA ",1
CALIFORNIA,TULARE,3
CALIFORNIA,"REDONDO BEACH",4
CALIFORNIA,BAKERSFIELD,8
CALIFORNIA,"PASO ROBLES",3
CALIFORNIA,WHITTIER,3
CALIFORNIA,"LOS ANGELES",45
CALIFORNIA,HAYWARD,7
CALIFORNIA,94538,1
CALIFORNIA,"MORGAN HILL",2
CALIFORNIA,"SAN JOSE",26
CALIFORNIA,LOQUITAS,1
CALIFORNIA,"CULVER CITY",6
CALIFORNIA,"EL MONTE",1
CALIFORNIA,WESTMINSPER,1
CALIFORNIA,CARLSBAD,2
CALIFORNIA,"SAN FRANCISCO",40
CALIFORNIA,STOCKTON,8
CALIFORNIA,"SAN CLEMENTE",4
CALIFORNIA,DOWNEY,4
CALIFORNIA,CORONA,3
CALIFORNIA,"GRASS VALLEY",4
CALIFORNIA,"MORENO VALLEY ",1
CALIFORNIA,"PALM DESERT",4
CALIFORNIA,ALAMEDA,4
CALIFORNIA,"VALLEY VILLAGE",1
CALIFORNIA,RIDGECREST,4
CALIFORNIA,"MARINA DEL REY",6
CALIFORNIA,"SAN FRANSCISCO ",1
CALIFORNIA,MONTEREY,2
CALIFORNIA,CONCORD,6
CALIFORNIA,MARTINEZ,1
CALIFORNIA,ENCINO,3
CALIFORNIA,"SUN VALLEY",2
CALIFORNIA,"LONG BEACH",14
CALIFORNIA,ANAHEIM,2
CALIFORNIA," SANTA FE SPRINGS",1
CALIFORNIA,PRESSLINE,1
CALIFORNIA,"WEST HILLS",3
CALIFORNIA,"SAN JOSE ",4
CALIFORNIA,"SANTA MONICA",8
CALIFORNIA,BURLINGANE,1
CALIFORNIA,"SAN GABRIEL",4
CALIFORNIA,NOVATO,2
CALIFORNIA,LEMOORE,1
CALIFORNIA,BONITA,1
CALIFORNIA,TORRANCE,7
CALIFORNIA,TARZANA,2
CALIFORNIA,"MOUNTAIN VIEW ",1
CALIFORNIA,"REDWOOD CITY",4
CALIFORNIA,"SANAT ANA",1
CALIFORNIA,FRESNO,4
CALIFORNIA,FAIRFIELD,3
CALIFORNIA,ENCINITAS,4
CALIFORNIA,YUCAIPA,1
CALIFORNIA,MENLO,1
CALIFORNIA,"CASTRO VALLEY",2
CALIFORNIA,"RANCHO CUCAMONGA",5
CALIFORNIA,MANTECA,2
CALIFORNIA,"DIAMOND BAR",1
CALIFORNIA,"PALM SPRINGS",2
CALIFORNIA,"SANTA CLARITA",1
CALIFORNIA,NORTHRIDGE,7
CALIFORNIA,RICHMOND,3
CALIFORNIA,ROSEMAN,1
CALIFORNIA,OXNARD,4
CALIFORNIA,MERCED,2
CALIFORNIA,"EL CAJON",3
CALIFORNIA,ONTARIO,1
CALIFORNIA,"SANTA PAULA",2
CALIFORNIA,WINNETKA,2
CALIFORNIA,FREMONT,8
CALIFORNIA,"YUCCA VALLEY",1
CALIFORNIA,"BALDWIN PARK",1
CALIFORNIA,"LOS ALAMITOS",1
CALIFORNIA,CYPRESS,3
CALIFORNIA," SANT'ANTIMO",1
CALIFORNIA,SUNNYVALE,8
CALIFORNIA,COVINA,2
CALIFORNIA,PITTSBURG,2
CALIFORNIA,AGOURA,1
CALIFORNIA,"MURRIETA ",1
CALIFORNIA,"EL GRANADA",1
CALIFORNIA,RECIOTA,1
CALIFORNIA,EUREKA,3
CALIFORNIA,LAHABRA,1
CALIFORNIA,"DESSERT HOT SPRINGS",2
CALIFORNIA,WHITTER,1
CALIFORNIA,MURRIETA,3
CALIFORNIA,MODESTO,2
CALIFORNIA,LANCASTER,4
CALIFORNIA,ORINDA,1
CALIFORNIA,SANFRANCISCO,2
CALIFORNIA,"SANTA CRUZ",3
CALIFORNIA,"IMPERIAL BEACH",1
CALIFORNIA,"SAN PEDRO",1
CALIFORNIA,"MILL VALLEY",1
CALIFORNIA,"RANCHO PALOS VERDES",2
CALIFORNIA,RIALTO,1
CALIFORNIA,WASHINGTON,1
CALIFORNIA,INGLEWOOD,5
CALIFORNIA,"ELK GROVE",5
CALIFORNIA,CHINO,2
CALIFORNIA,SONORA,1
CALIFORNIA,"LOS ANGELAS",1
CALIFORNIA,MONTROSE,1
CALIFORNIA,COACHELLA,2
CALIFORNIA,"LA QUINTA",2
CALIFORNIA,"MANHATTAN BEACH ",1
CALIFORNIA,FONTANA,1
CALIFORNIA,"NEWPORT BEACH",6
CALIFORNIA,"LA PALMA",1
CALIFORNIA,"LA MESA",1
CALIFORNIA,ROSEMEAD,1
CALIFORNIA,"VAN NUYS",2
CALIFORNIA,VISTA,2
CALIFORNIA,CREMONT,1
CALIFORNIA," IRVINE,",1
CALIFORNIA,WINDSOR,1
CALIFORNIA,"WEST LAKE VILLAGE",1
CALIFORNIA,TEMECULA,4
CALIFORNIA,"STUDIO CITY",2
CALIFORNIA,"SAN BRUNO",3
CALIFORNIA,"PACIFIC PALISADES",1
CALIFORNIA,FREMAONT,1
CALIFORNIA,"SHERMAN OAKS",7
CALIFORNIA,VALLEJO,2
CALIFORNIA,VISALIA,4
CALIFORNIA,GARDENA,1
CALIFORNIA,TUSTIN,1
CALIFORNIA,CHICO,2
CALIFORNIA,MOORPARK,2
CALIFORNIA,ARCADIA,4
CALIFORNIA,"SAN MARINO",1
CALIFORNIA,"SAN BERNARDINO",3
CALIFORNIA,STANTON,1
CALIFORNIA,"ST. LA",1
CALIFORNIA,"SOUTH PASADENA",2
CALIFORNIA,"CAPO BEACH",1
CALIFORNIA,LARKSPUR,1
CALIFORNIA,PASADENA,7
CALIFORNIA,PLACERVILLE,4
CALIFORNIA,LITTLEROCK,1
CALIFORNIA,"MOUNTAIN VIEW",8
CALIFORNIA,"RIDGE CREST",1
CALIFORNIA,IVANHOE,1
CALIFORNIA,"WALNUT CREEK",3
CALIFORNIA,"LOS GATOS",3
CALIFORNIA,"REDWOOD VALLEY",1
CALIFORNIA,IRVINE,6
CALIFORNIA,ORANGE,1
CALIFORNIA,ARVIN,1
CALIFORNIA,"MOUNTAIN HOUSE",1
CALIFORNIA,HILLSBOROUGH,1
CALIFORNIA,POMANA,1
CALIFORNIA,CLOVIS,3
CALIFORNIA,"PLUMAS LAKE",1
CALIFORNIA,ACTON,1
CALIFORNIA,PETULUMA,1
CALIFORNIA,COTATI,1
CALIFORNIA,"LAKE FOREST ",1
CALIFORNIA,"N. HOLLYWOOD",1
CALIFORNIA,SANATABARABA,1
CALIFORNIA,WILDOMAR,3
CALIFORNIA,FALLBROOK,2
CALIFORNIA,"FOUNTAIN VALLEY",1
CALIFORNIA,FORESTVILLE,1
CALIFORNIA,CUPERTINO,2
CALIFORNIA,CERRITOS,1
CALIFORNIA,ATHERTON,1
CALIFORNIA,"29 PALMS",1
CALIFORNIA,"CHINO HILLS",2
CALIFORNIA,OJAI,2
CALIFORNIA,CALEXICO,1
CALIFORNIA,"CAMERON PARK",1
CALIFORNIA,"PANORAMA CITY",1
CALIFORNIA,"1000 OAKS",1
CALIFORNIA,"WEST HOLLYWOOD",1
CALIFORNIA,"MISSION VIEJO",6
CALIFORNIA,DAVIS,4
CALIFORNIA,AUBURN,1
CALIFORNIA,"POINT REYES STATION",1
CALIFORNIA,GLENDALE,8
CALIFORNIA,ROSS,1
CALIFORNIA,CHATSWORTH,1
CALIFORNIA,BERKLEY,2
CALIFORNIA,"LAKE ISABELLA",1
CALIFORNIA,LA,2
CALIFORNIA,ALHAMBRA,2
CALIFORNIA,"CASTOR VALLEY",1
CALIFORNIA,LODI,1
CALIFORNIA,BURLINGAME,3
CALIFORNIA,"SANTA BARBARA ",1
CALIFORNIA,CAMARILLO,2
CALIFORNIA,"BEN LOMOND",1
CALIFORNIA,PLEASANTON,3
CALIFORNIA,FREEDOM,1
CALIFORNIA,MENIFEE,2
CALIFORNIA,DANVILLE,2
CALIFORNIA,NEWHALL,2
CALIFORNIA,MAGALIA,1
CALIFORNIA,REDDING,2
CALIFORNIA,"BUENA PARK",1
CALIFORNIA,"RIO NIDO",1
CALIFORNIA,GOLETA,2
CALIFORNIA,HAWTHORNE,1
CALIFORNIA,INDIO,4
CALIFORNIA,SOLVANG,1
CALIFORNIA," CONCORD  ",1
CALIFORNIA,"CANOGA PARK",3
CALIFORNIA,"NORTHRIDGE ",1
CALIFORNIA,"NEWBURY PARK",3
CALIFORNIA,WATSONVILLE,1
CALIFORNIA,SELMA,1
CALIFORNIA,WINTON,1
CALIFORNIA,PALMDALE,2
CALIFORNIA,WILLITS,1
CALIFORNIA,"SANTA MARIA",1
CALIFORNIA,KENSINGTON,1
CALIFORNIA,"SAN FRANSCICO",1
CALIFORNIA,"POLLOCK PINES",1
CALIFORNIA,VENICE,4
CALIFORNIA,WESTMINSTER,1
CALIFORNIA,"LA HABRA",2
CALIFORNIA,SANTEE,1
CALIFORNIA,ORTUTT,1
CALIFORNIA,BENICIA,1
CALIFORNIA,"SOUTH LAKE TAHOE",1
CALIFORNIA,"RANCHO CUCAMUNGA",2
CALIFORNIA,PORTERVILLE,2
CALIFORNIA,MILLERAE,1
CALIFORNIA,"DOVE CANYON",2
CALIFORNIA,"HERMOSA BEACH",1
CALIFORNIA,"NORTH HILLS",1
CALIFORNIA,"SAN CARLOS",1
CALIFORNIA,"BEVERLY HILLS",4
CALIFORNIA,"WINDSOR HILLS",1
CALIFORNIA,GILROY,1
CALIFORNIA,"DALY CITY  ",1
CALIFORNIA,"SAN DIMAS",1
CALIFORNIA,"TWENTYNINE PALMS",1
CALIFORNIA,BURBANK,1
CALIFORNIA,"SAN LUIS OBISPO",1
CALIFORNIA,"AGOURA HILLS",2
CALIFORNIA,"SAN RAFAEL",3
CALIFORNIA,SAUSALITO,1
CALIFORNIA,"SIMI VALLEY",2
CALIFORNIA,"FOSTER CITY",1
CALIFORNIA,"SANTA ANA",3
CALIFORNIA,LOMPOC,1
CALIFORNIA,CHALLENGE,1
CALIFORNIA,CARONA,1
CALIFORNIA,KENWOOD,1
CALIFORNIA,"UNION CITY",1
CALIFORNIA,"YUBA CITY",2
CALIFORNIA,HOLLISTER,1
CALIFORNIA,LONGBEACH,1
CALIFORNIA,MANCHESTER,1
CALIFORNIA,"INDIAN WELLS",1
CALIFORNIA,"MORENO VALLEY",2
CALIFORNIA,TRUCKEE,2
CALIFORNIA,"LA SELVA BEACH",1
CALIFORNIA,"DAMY CITY",1
CALIFORNIA,LAFAYETTE,2
CALIFORNIA,"SAN FRANCISO",1
CALIFORNIA,WALNUT,1
CALIFORNIA,"WEST COVINA",1
CALIFORNIA,"CORONA DEL MAR",2
CALIFORNIA,ROCKLIN,3
CALIFORNIA,CLAREMONT,1
CALIFORNIA,CLAYTON,1
CALIFORNIA,"SOUTH SAN FRANCISCO",2
CALIFORNIA,"GOLD RUN  ",1
CALIFORNIA,PERRIS,1
CALIFORNIA,"LITTLE ELM",1
CALIFORNIA,LOMPO,1
CALIFORNIA,ADELANTO,1
CALIFORNIA,WINETKA,1
CALIFORNIA,"RANCHO CORDOVA",2
CALIFORNIA,"COSTA MESA",2
CALIFORNIA,"YORBA LINDA",2
CALIFORNIA,"SAN MARCOS",2
CALIFORNIA,"PACIFIC GROVE",2
CALIFORNIA,"SAN FRANCISCO ",2
CALIFORNIA,"ARROYO GRANDE",1
CALIFORNIA,PICORIVERA,1
CALIFORNIA,"SAN ANSELMO",2
CALIFORNIA,MONTCLAIR,1
CALIFORNIA,"SAN FRANSCISCO",1
CALIFORNIA,OLIVEHURST,1
CALIFORNIA,"HUNTINGTON BEACH ",1
CALIFORNIA,"MISSION HILLS",1
CALIFORNIA,FOLSOM,1
CALIFORNIA,"RANCHO SANTA MARGARITA",1
CALIFORNIA,BEAUMONT,1
CALIFORNIA,MILLBRAE,1
CALIFORNIA,"GLEN ELLEN",1
CALIFORNIA,"TRAVIS AFB",1
CALIFORNIA,HESPERIA,1
CALIFORNIA,"OAKDALE,  ",1
CALIFORNIA,COMPTON,1
CALIFORNIA,COMMERCE,1
CALIFORNIA,"MURRIETA  ",1
CALIFORNIA,CLIO,1
CALIFORNIA,TUKUNGA,1
CALIFORNIA,LAVERNE,1
CALIFORNIA,"REDWOOD CITY ",1
CALIFORNIA,"MARINA DEL RE",1
CALIFORNIA,"ORANGE ",1
CALIFORNIA,EASTVALE,1
CALIFORNIA," FULLERTON",1
CALIFORNIA,"LA PUENTE",1
CALIFORNIA,DUBLIN,1
CALIFORNIA,"SAN DIEGO CA",1
CALIFORNIA,"SANTA BARBRA",1
CALIFORNIA," OAKLAND",1
CALIFORNIA,"VAN NUYS ",1
CALIFORNIA," TUSTIN  ",1
CALIFORNIA,"1181 BENNY CT",1
CALIFORNIA,"EL CENTRO",2
CALIFORNIA,"SACRAMENTO  ",1
CALIFORNIA,REDLANDS,1
CALIFORNIA," FOSTER CITY",1
CALIFORNIA,SALINAS,2
CALIFORNIA,"LOS ANGELOS",3
CALIFORNIA,TRACY,1
CALIFORNIA,FAIRFAX,1
CALIFORNIA,"KNIGHTS FERRY ",1
CALIFORNIA,WILLIS,1
CALIFORNIA,CARMEL,1
CALIFORNIA,SYLMAR,1
CALIFORNIA,"SANTA MONICA ",2
CALIFORNIA,"TORRANCE ",1
CALIFORNIA,"ROHNERT PARK",1
CALIFORNIA,"OAKLAND ",1
CALIFORNIA," A ALHAMBRA ",1
CALIFORNIA,NAPA,1
CALIFORNIA,CITRUSHEIGHTS,1
CALIFORNIA,DIXON,1
CALIFORNIA,COARSEGOLD,1
CALIFORNIA,CARSON,2
CALIFORNIA,"SIGNAL HILL",1
CALIFORNIA,PETALUMA,1
CALIFORNIA,"HANFORD ",1
CALIFORNIA,PARAMOUNT,1
CALIFORNIA,ANTIOTH,2
CALIFORNIA,"BURLINGAME ",1
CALIFORNIA,SARATOGA,1
CALIFORNIA,VALENCIA,1
CALIFORNIA,MALIBU,2
CALIFORNIA,"THOUSANDS OAK",1
CALIFORNIA,PINOLE,1
CALIFORNIA,LINCOLN,2
CALIFORNIA,"MAMMOTH LAKES",1
CALIFORNIA,"SAN FRANSCISO",1
CALIFORNIA,VALENICA,1
CALIFORNIA,"JOSHUA TREE",1
CALIFORNIA,"RIDGECREST ",1
CALIFORNIA,STOCTON,1
CALIFORNIA,MONTARA,1
CALIFORNIA,LAKEWOOD,1
CALIFORNIA,CARDISS,1
CALIFORNIA,HELENDALE,1
CALIFORNIA,"THOUSAND OAKS",1
CALIFORNIA,"RANCHO POLAS VERDES",1
CALIFORNIA,"LOS ANGELES  ",2
CALIFORNIA,"LOS ALTOS",2
CALIFORNIA,"SANTANNA ",1
CALIFORNIA,"CANYON COUNTRY",1
CALIFORNIA,"SAN DIAGO",1
CALIFORNIA,"SOLANA BEACH",1
CALIFORNIA,"STEVENSON RANCH",1
CALIFORNIA,BELMONT,1
CALIFORNIA,HANFORD,1
CALIFORNIA,YORBALINDA,1
CALIFORNIA,"SAN LORENZO",1
CALIFORNIA,"LA VERNE",1
CALIFORNIA,TIBURON,1
CALIFORNIA,"SAN DIEGO,  ",1
CALIFORNIA,WOODSIDE,1
CALIFORNIA,"NEWBUY PARK",1
CALIFORNIA,FYLMAR,1
CALIFORNIA,"MILPITAS ",1
CALIFORNIA,"SAN DIEGO ",1
CALIFORNIA,"LA MIRADA ",1
CALIFORNIA,"VILLA PARK",1
CALIFORNIA,"EL DARADO HILLS",1
CALIFORNIA,"MONTE SERENO",1
CALIFORNIA,"LOMA LINDA",1
CALIFORNIA,CORONADO,1
CALIFORNIA,"SANAT MONICA",1
CALIFORNIA,VASALIA,1
CALIFORNIA,"WOODLAND HILL",1
CALIFORNIA,"LA JOLLA",1
CALIFORNIA,EMERYVILLE,1
CALIFORNIA,"SOUTH PASADENA ",1
CALIFORNIA,HEMET,1
CALIFORNIA,WATERFORD,1
CALIFORNIA,WOODLAND,1
CALIFORNIA,MONTANA,1
CALIFORNIA,MOUNTAINVIEW,1
CALIFORNIA,"VALLEY CENTER",1
CALIFORNIA,"ROUGH AND READY",1
CALIFORNIA,"LAKE FOREST",1
WASHINGTON,ENUMCLAW,1
WASHINGTON,,19
WASHINGTON,EDGEWOOD,2
WASHINGTON,MEDINA,1
WASHINGTON,SPOKANE,21
WASHINGTON,"WEST RICHLAND",1
WASHINGTON,OLYMPIA,2
WASHINGTON,PALOUSE,2
WASHINGTON,MONTESANO,1
WASHINGTON,"FEDERAL WAY",3
WASHINGTON,VANCOUVER,10
WASHINGTON,"BELLEVUE ",2
WASHINGTON,RICHLAND,1
WASHINGTON,TACOMA,19
WASHINGTON,SHORELINE,3
WASHINGTON,POULSBO,1
WASHINGTON,AUBURN,1
WASHINGTON,PUYALLUOP,1
WASHINGTON,BREMERTON,2
WASHINGTON,SHELTON,1
WASHINGTON,SEATTLE,23
WASHINGTON,KIRKLAND,5
WASHINGTON,"OLYMPIA ",1
WASHINGTON,LYNNWOOD,1
WASHINGTON,"WASHINGTON ",1
WASHINGTON,WESTPORT,1
WASHINGTON,PUYALLUP,1
WASHINGTON,EVERETT,1
WASHINGTON,REDMOND,3
WASHINGTON,"SPOKANE ",2
WASHINGTON,"SEATTLE ",1
WASHINGTON,SNOHOMISH,2
WASHINGTON,BELLINGHAM,2
WASHINGTON,BELLEVUE,4
WASHINGTON,SAMMAMISH,2
WASHINGTON,RENTON,3
WASHINGTON,KENT,2
WASHINGTON,KENNEWICK,1
WASHINGTON,ISSAQUAH,1
WASHINGTON,NEWPORT,1
WASHINGTON,BOTHELL,4
WASHINGTON,"PORT ORCHARD",1
WASHINGTON,RIDGEFIELD,1
WASHINGTON,"UNIVERSITY PLACE",1
WASHINGTON,STANWOOD,1
WASHINGTON,"EAST WENATCHEE",1
WASHINGTON,COLVILLE,1
WASHINGTON,BERMATON,1
WASHINGTON,WOODINVILLE,1
WASHINGTON,YAKIMA,1
WASHINGTON,SEATAC,1
WASHINGTON,PASCO,1
WASHINGTON,CAMAS,1
WASHINGTON,MARYSVILLE,1
WASHINGTON,SPOKAN,1
WASHINGTON,PUIALLUP,1
WASHINGTON,"MOUNT VERNON",1
WASHINGTON,"BATTLE GROUND",1
WASHINGTON,PULLYUP,1
WASHINGTON,"MAPLE VALLEY",1
WASHINGTON,"LACEY ",1
WASHINGTON,"FOX ISLAND",1
WASHINGTON,LONGVIEW,1
WASHINGTON,"MEDICAL LAKE",1
WASHINGTON,VERDALE,1
MICHIGAN,,46
MICHIGAN,"FARMINGTON HILLS",4
MICHIGAN,HOLLAND,3
MICHIGAN,CLAWSON,4
MICHIGAN,WATERFORD,2
MICHIGAN,"CLINTON TOWNSHIP",7
MICHIGAN,HOUGHTON,2
MICHIGAN,"ROYAL OAK",5
MICHIGAN,"SAULT STE MARIE",1
MICHIGAN,DEARBORN,12
MICHIGAN,"NATIONAL CITY",1
MICHIGAN,"STERLING HEIGHTS",5
MICHIGAN,CANTON,12
MICHIGAN,"TRAVERSE CITY",1
MICHIGAN,REDFORD,2
MICHIGAN,MONROE,3
MICHIGAN,MENOMINEE,1
MICHIGAN,"HARRISON TOWNSHIP",1
MICHIGAN,WITHHELD,1
MICHIGAN,CEDAR,1
MICHIGAN,ISHPEMING,1
MICHIGAN,LAPEER,4
MICHIGAN,FERNDALE,1
MICHIGAN,FLINT,3
MICHIGAN,KENTWOOD,4
MICHIGAN,EASTPOINTE,3
MICHIGAN,"GRAND RAPIDS",17
MICHIGAN,LANSING,7
MICHIGAN,CARO,1
MICHIGAN,"COMSTOCK PARK",1
MICHIGAN,"GRAND BLANC",1
MICHIGAN,TROY,10
MICHIGAN,FRANKFORT,2
MICHIGAN,LACOME,1
MICHIGAN,DETROIT,5
MICHIGAN,ALLEGAN,1
MICHIGAN,BELMONT,3
MICHIGAN,ROCHESTER,8
MICHIGAN,RIVERVIEW,4
MICHIGAN,WYOMING,2
MICHIGAN,SOUTHFIELD,7
MICHIGAN,MIDLAND,4
MICHIGAN,SAGINAW,2
MICHIGAN,LIVONIA,7
MICHIGAN,FRANKENMUTH,1
MICHIGAN,NOVI,2
MICHIGAN,CLARKSTON,3
MICHIGAN,DAVISON,1
MICHIGAN,"EAST LANSING",1
MICHIGAN,"BAY CITY",2
MICHIGAN,WARREN,2
MICHIGAN,FENTON,3
MICHIGAN,"ROCHESTER HILLS",2
MICHIGAN,"LAKE ANN",1
MICHIGAN,"HARBOR SPRINGS",1
MICHIGAN,ZEALAND,1
MICHIGAN,"DEARBORN HEIGHTS",2
MICHIGAN,DEABORN,1
MICHIGAN,LUDINGTON,2
MICHIGAN,ZEELAND,2
MICHIGAN,"WHITE LAKE",1
MICHIGAN,BURTON,1
MICHIGAN,"BERRIEN SPRINGS",1
MICHIGAN,FRAMINGHAM,1
MICHIGAN,"MADISON HEIGHTS",1
MICHIGAN,HOWELL,1
MICHIGAN,ROMULUS,1
MICHIGAN,YPSILANTI,3
MICHIGAN,WIXOM,2
MICHIGAN,OSCODA,1
MICHIGAN,"CLINTON TWP",1
MICHIGAN,LINDEN,1
MICHIGAN,OKEMOS,1
MICHIGAN,"SHELBY TOWNSHIP",2
MICHIGAN,PLAINWELL,1
MICHIGAN,MUSKEGON,3
MICHIGAN,CALEDONIA,1
MICHIGAN,"GRAND LEDGE ",1
MICHIGAN,"AUBURN HILLS",3
MICHIGAN,"SAINT CLAIR SHORES ",1
MICHIGAN,KALAMAZOO,4
MICHIGAN,"ALLEN PARK",2
MICHIGAN,"WASHINGTON. ",1
MICHIGAN,JACKSON,2
MICHIGAN,GRANDRAPIDS,1
MICHIGAN,"GRAND LEDGE",1
MICHIGAN,"UNION CITY",1
MICHIGAN,"LAKE LEELANAU",1
MICHIGAN,CLIO,1
MICHIGAN,BRIGHTON,1
MICHIGAN,ALPENA,1
MICHIGAN,"ANN ARBOR",3
MICHIGAN,"EAST LANSING ",1
MICHIGAN,"WOODHAVEN ",1
MICHIGAN,"GRAND RAPIODS",1
MICHIGAN,"EAST TAWAS",2
MICHIGAN,MARATHON,1
MICHIGAN,UTICA,1
MICHIGAN,"MIO ",1
MICHIGAN,"SOUTH LYON ",1
MICHIGAN,FRASER,1
MICHIGAN,"BYRON CENTER",1
MICHIGAN,"ROUNBERRY LAKE",1
MICHIGAN,"HOLLAND ",1
MICHIGAN,"MT. PLEASANT",1
MICHIGAN,"CANTON ",1
MICHIGAN,SENDVILLE,1
MICHIGAN,TRENTON,2
MICHIGAN,"KENTWOOD ",1
MICHIGAN,"LEROY HEIGHTS",1
MICHIGAN,HUDSONVILLE,1
MICHIGAN,BROOKLYN,1
MICHIGAN,CALUMET,1
MICHIGAN,"FERNDALE ",1
MICHIGAN,KALAMZAOO,1
MICHIGAN,WINWOOD,1
MICHIGAN,"WASHINGTON TOWNSHIP",1
MICHIGAN,"CENTER LINE",2
MICHIGAN,"LINCOLN PARK",4
MICHIGAN,MASON,1
MICHIGAN,DOWAGIAC,1
MICHIGAN,"GRAND RAPIDS ",1
MICHIGAN,BANGOR,1
MICHIGAN,"SOUTH ROCKWOOD",1
MICHIGAN,NORTHVILLE,2
MICHIGAN,ALBION,1
MICHIGAN,"GRANT RAPIDS",1
MICHIGAN,"GROSSE POINTE SHORES",1
MICHIGAN,"BATTLE CREEK",1
MICHIGAN,"ROCHESTER ",1
MICHIGAN,"GROSSE POINTE FARMS",1
MICHIGAN,"HUDSONVILLE ",1
MICHIGAN,"BURMINGHAM  ",1
MICHIGAN,METAMORA,1
MICHIGAN,"BROWN CITY",2
MICHIGAN,"LANSING ",1
MICHIGAN,AUGUSTA,1
MICHIGAN,"COMMERCE TOWNSHIP",2
MICHIGAN,"HAZEL PARK,  ",1
MICHIGAN,"ROCHESTER HILLS ",1
MICHIGAN,"WEST OLIVE",1
MICHIGAN,SALINE,1
MICHIGAN,"SHELBY TOWNSHIP ",1
MICHIGAN,BERKLEY,1
MICHIGAN,"SAINT JOSEPH",1
MICHIGAN,MILAN,1
MICHIGAN,"WEST LAND",1
IDAHO,"MOSCOW ",2
IDAHO,"COEUR D ALENE",3
IDAHO,BOISE,5
IDAHO,,1
IDAHO,WITHHELD,1
IDAHO,"SUN VALLEY",1
IDAHO,NAMPA,2
IDAHO,WOODRIVER,1
IDAHO,COUNCIL,1
IDAHO,"IDAHO FALLS",1
IDAHO,MERIDIAN,2
IDAHO,REXBURG,1
IDAHO,"HAILEY ",1
IDAHO,AMMON,1
IDAHO,WAUGOMA,1
IDAHO,"POST FALLS",1
IDAHO,"COEUR D'ALENE",1
IDAHO,MANTA,1
IDAHO,SANDPOINT,1
IDAHO,POCATELLO,2
IDAHO,KOOSKIA,1
IDAHO,CASCADE,1
IDAHO,"MOUNTAIN HOME",1
IDAHO,ATHOL,1
HAWAII,HONOLULU,4
HAWAII,LAHAINA,1
HAWAII,"TRIPLER AMC",1
HAWAII,WAILUKU,1
HAWAII,"HONOLULU ",1
HAWAII,"MCBH KANEOHE BAY",1
HAWAII,KAILUA,1
HAWAII,KAPOLEI,1
HAWAII,KANEOHE,1
HAWAII,HOLULA,1
TEXAS,"LITTLE ELM",2
TEXAS,,83
TEXAS,"SAN ANTONIO",28
TEXAS,DALLAS,28
TEXAS,"PORT ARTHUR",3
TEXAS,LEWISVILLE,3
TEXAS,WITHHELD,7
TEXAS,KILLEEN,10
TEXAS,"LAKE JACKSON",3
TEXAS,"SNYDER ",1
TEXAS,ROCKWELL,1
TEXAS,"CORPUS CHRISTI",4
TEXAS,AUSTIN,18
TEXAS,HOUSTON,84
TEXAS,ALLEN,5
TEXAS,BEDFORD,2
TEXAS,"COLLEGE STATION",6
TEXAS,"THE WOODLANDS",6
TEXAS,LONGVIEW,4
TEXAS,PEARLAND,7
TEXAS,KAUFMAN,2
TEXAS,"GRAND PRAIRIE",4
TEXAS,"FORT WORTH",12
TEXAS,GRANBURY,2
TEXAS,EDINBURG,3
TEXAS,ANGLETON,1
TEXAS,"ROYSE CITY",2
TEXAS,"LEAGUE CITY ",1
TEXAS,UVALDE,1
TEXAS,HUMBLE,4
TEXAS,PLANO,11
TEXAS,ADDISON,1
TEXAS,ARLINGTON,6
TEXAS,ABILENE,5
TEXAS,AMARILLO,6
TEXAS,IRVIN,1
TEXAS,CONROE,7
TEXAS,PASADENA,2
TEXAS,ALPINE,1
TEXAS,SNYDER,1
TEXAS,"TEXAS CITY",1
TEXAS,MIDLOTHIAN,2
TEXAS,DESOTO,3
TEXAS,MESQUITE,3
TEXAS,BOERNE,2
TEXAS,TOMBALL,2
TEXAS,"IRVING ",1
TEXAS,WEATHERFORD,1
TEXAS,BAYTOWN,8
TEXAS,HEWITT,1
TEXAS,LUBBOCK,4
TEXAS,CYPRESS,3
TEXAS,SPRING,11
TEXAS,FREEPORT,1
TEXAS,BELLAIRE,5
TEXAS,"GARDEN RIDGE",1
TEXAS,LEANDER,2
TEXAS,COPPELL,2
TEXAS,ROWLETT,4
TEXAS,RICHARDSON,5
TEXAS,KINGWOOD,3
TEXAS,ROCKPORT,2
TEXAS,KELLER,5
TEXAS,"ROUND ROCK",3
TEXAS,WEBSTER,3
TEXAS,"EL PASO",18
TEXAS,DENTON,3
TEXAS,"SUGAR LAND ",1
TEXAS,GREENVILLE,1
TEXAS,ALTAIR,1
TEXAS,MILES,1
TEXAS,RICHMOND,4
TEXAS,"SPRING ",1
TEXAS,WILLIS,1
TEXAS,SANGER,1
TEXAS,IRVING,10
TEXAS,TERALAND,1
TEXAS,BEAUMONT,3
TEXAS,MAGNOLIA,1
TEXAS,FRIENDSWOOD,2
TEXAS,FRISCO,7
TEXAS,"FAIRVIEW PARK",1
TEXAS,AVALON,1
TEXAS,"LAKE CITY",1
TEXAS,"FRIENDSWOOD ",1
TEXAS,SMYRNA,1
TEXAS,"HOUSTON ",3
TEXAS,MIDLAND,6
TEXAS,"LEAGUE CITY",3
TEXAS,"DEL RIO",1
TEXAS,TEXARKANA,1
TEXAS,TYLER,2
TEXAS,"GRAND PRAIRIE ",1
TEXAS,CROSBY,1
TEXAS,"LIVE OAK",4
TEXAS,"HARKER HEIGHTS",2
TEXAS,"BRIDGE CITY",1
TEXAS,BELTON,1
TEXAS,"CEDAR PARK",2
TEXAS,"LAKE WORTH",1
TEXAS,"MISSOURI CITY",1
TEXAS,"ALLEN ",1
TEXAS,GRAPEVINE,1
TEXAS,GARLAND,2
TEXAS,EULESS,2
TEXAS,"SUGAR LAND",4
TEXAS,HUTTO,1
TEXAS,"FAIR OAKS RANCH",2
TEXAS,"ABILENE ",1
TEXAS,"THE COLONY",3
TEXAS,BRYAN,2
TEXAS,"LUMBERTON ",1
TEXAS,KOUNTZE,1
TEXAS,LUMBERTON,1
TEXAS,ROSHARON,1
TEXAS,"FLOWER MOUND",5
TEXAS,KATY,7
TEXAS,MISSION,2
TEXAS,BEEVILLE,2
TEXAS,"GRAPEVINE ",2
TEXAS,SEGUIN,1
TEXAS,DAYTON,1
TEXAS,SEABROOK,3
TEXAS,"SOUTH LAKE ",1
TEXAS,LAVERNIA,1
TEXAS,PARIS,1
TEXAS,TEMPLE,1
TEXAS,"CLEVELAND ",1
TEXAS,"LEE CITY",1
TEXAS,FLINT,1
TEXAS,CONVERSE,1
TEXAS,"NEW CANEY",2
TEXAS,GEORGETOWN,1
TEXAS,"UNIVERSAL CITY",1
TEXAS,STAFFORD,1
TEXAS,ATHENS,1
TEXAS,RALLS,2
TEXAS,"FORT BLISS",1
TEXAS,OCEANSIDE,1
TEXAS,COLLEYVILLE,1
TEXAS,"DEER PARK",1
TEXAS,"GRAND PRERIE",1
TEXAS,CRANDALL,1
TEXAS,HARPER,1
TEXAS,ODESSA,1
TEXAS,"ANDERSON ",1
TEXAS,LAREDO,2
TEXAS,"AUSTIN ",2
TEXAS,VICTORIA,1
TEXAS,BURLESON,1
TEXAS,"CORPUS CHRISTI ",1
TEXAS,"NEW ULM",1
TEXAS,BUDA,1
TEXAS,"BAY CITY",1
TEXAS,"HORIZON CITY",1
TEXAS,MCKINNEY,1
TEXAS,"EL CAMPO",2
TEXAS,PORTER,1
TEXAS,HUNTSVILLE,2
TEXAS,HARLINGEN,1
TEXAS,FORNEY,1
TEXAS,AUBREY,1
TEXAS,HELOTES,1
TEXAS,WACO,2
TEXAS,ORANGE,1
TEXAS,SHELBYVILLE,1
TEXAS,"SAN ANGELO",2
TEXAS,CASTROVILLE,2
TEXAS,"CARROLLTON ",1
TEXAS,TACOMA,1
TEXAS,ALEDO,1
TEXAS,COPPERAS,1
TEXAS,CLEVELAND,1
TEXAS,KERRVILLE,2
TEXAS,"LA PORTE",1
TEXAS,CANTON,1
TEXAS,"NEW BAUNSFELS",1
TEXAS,SELMA,1
TEXAS,SEYMOUR,1
TEXAS,KILEEN,1
TEXAS,SUGARLAND,1
TEXAS,LANCASTER,1
TEXAS,MAYBANK,1
TEXAS,CIBOLO,1
TEXAS,"MIDLAND  ",1
TEXAS,"HIGHLAND VILLAGE",1
TEXAS,HUMBOLDT,1
TEXAS,"HOUSTAN  ",1
TEXAS,"PECAN GAP",1
TEXAS,WATAUGA,1
TEXAS,HEATH,1
TEXAS,"WOODVILLE,  ",1
TEXAS,"BEAUMONT ",1
KANSAS,,7
KANSAS,WICHITA,7
KANSAS,"OVERLAND PARK",7
KANSAS,LAWRENCE,6
KANSAS,WITHHELD,1
KANSAS,IOLA,2
KANSAS,SALINA,4
KANSAS,OLATHE,3
KANSAS,CHEKOPEA,1
KANSAS,"KANSAS CITY",4
KANSAS,TOPEKA,3
KANSAS,MANHATTAN,2
KANSAS,"SHAWNEE MISSION",1
KANSAS,SHAWNEE,3
KANSAS,"PRAIRIE VILLAGE ",1
KANSAS,"OVERLAND PARK ",1
KANSAS,DERBY,2
KANSAS,HARPER,2
KANSAS,HUTCHINSON,1
KANSAS,CHENEY,1
KANSAS,"PRAIRIE VILLAGE",1
KANSAS,OLAPHE,1
KANSAS,ROSSVILLE,1
KANSAS,"OGDEN ",1
KANSAS,LENEXA,1
KANSAS,"JUNCTION CITY",1
KANSAS,WELLINGTON,1
KANSAS,LEAWOOD,1
KANSAS,ANDOVER,1
KANSAS,"SAINT JOHN",1
MARYLAND,WITHHELD,3
MARYLAND,"CROWNSVILLE ",1
MARYLAND,COLUMBIA,4
MARYLAND,,18
MARYLAND,HAGERSTOWN,1
MARYLAND,TOWSON,3
MARYLAND,ELKRIDGE,1
MARYLAND,CHESTERTOWN,1
MARYLAND,"BATON ROUGE",1
MARYLAND,"ELLICOTT CITY",1
MARYLAND,"COLLEGE PARK",3
MARYLAND,"SILVER SPRING",8
MARYLAND,"OWINGS MILLS",1
MARYLAND,"OWING MILLS",1
MARYLAND,CROFTON,1
MARYLAND,GAMBRILLS,1
MARYLAND,BETHESDA,6
MARYLAND,COCKEYSVILLE,2
MARYLAND,"SWAN POINT",1
MARYLAND,CLINTON,1
MARYLAND,BALTIMORE,5
MARYLAND,"OWINGS MILLS ",1
MARYLAND,"NEW CARROLLTON",1
MARYLAND,ROCKVILLE,6
MARYLAND,"DISTRICT HEIGHTS",1
MARYLAND,ANNAPOLIS,1
MARYLAND,OXENHILL,1
MARYLAND,EASTON,1
MARYLAND,"ST. BALTIMORE",1
MARYLAND,CLARKSVILLE,2
MARYLAND,HANOVER,1
MARYLAND,"TAKOMA PARK",1
MARYLAND,"BELCAMP ",1
MARYLAND,FULTON,1
MARYLAND,"CAPITOL HEIGHTS ",1
MARYLAND,DERWOOD,1
MARYLAND,BOWIE,4
MARYLAND,"UPPER MARLBORO",1
MARYLAND,ACCOKEEK,1
MARYLAND,HEIGHTSVILLE,1
MARYLAND,"GREENBELT ",1
MARYLAND,POTOMAC,2
MARYLAND,LAUREL,2
MARYLAND,GERMANTOWN,4
MARYLAND,"FORT WASHINGTON",2
MARYLAND,"FREDERICK ",1
MARYLAND,GAITHERSBURG,3
MARYLAND,"CLEAR SPRING",1
MARYLAND,SILVERSPRING,3
MARYLAND," FREDERICK",1
MARYLAND,"HYATTSVILLE ",1
MARYLAND,"UNION BRIDGE",1
MARYLAND,TIMONIUM,1
MARYLAND,SALISBURY,1
MARYLAND,ODENTON,1
MARYLAND,"TEMPLE HILLS ",1
MARYLAND,"BEL AIR",2
MARYLAND,"WALDORF ",1
MARYLAND,FREDERICK,1
MARYLAND,"MIDDLE RIVER ",1
MARYLAND,THURMONT,1
MARYLAND,OLNEY,1
MARYLAND,MEYERSVILLE,1
MARYLAND,SEVERN,1
MARYLAND,SMITHSBURG,1
MARYLAND,"BIG POOL",1
MARYLAND,"GABESHBURG ",1
MARYLAND,"UPPER MARLBORO ",1
MARYLAND,"CHEVY CHASE",1
MARYLAND,LUTHERVILLE,1
MARYLAND,BETHSADA,1
MARYLAND,SEAFORD,1
MARYLAND,NOTTINGHAM,1
MARYLAND,ELLICOTT,1
MARYLAND,KNOXVILLE,1
MARYLAND,DETHESTA,1
MARYLAND," BOWIE ",1
MARYLAND,SYKESVILLE,1
MARYLAND,WALDORF,1
MAINE,"LISBON FALLS",1
MAINE,BANGOR,1
MAINE,CUSHING,1
MAINE,BIDDEFORD,1
MAINE,LEWISTON,1
MAINE,KENNEBUNK,1
MAINE,"CATHANCE TOWNSHIP",1
MAINE,HARTLAND,1
MAINE,FRYEDYD,1
MAINE,PORTLAND,1
MAINE,KALAMAZOO,1
MAINE,"NEW GLOUCESTER",1
MAINE,GARDNER,1
MAINE,WASHINGTON,1
MAINE,ELLSWORTH,1
MAINE,HOULTON,1
MAINE,AUBURN,1
MAINE,SARASOTA,1
MONTANA,HAVRE,1
MONTANA,BILLINGS,3
MONTANA,,1
MONTANA,LIVINGSTON,1
MONTANA,HELENA,2
MONTANA,"KANSAS CITY",1
MONTANA,ROUNDUP,1
MONTANA,BUTTE,1
MONTANA,"RED LODGE ",1
OHIO,AUSTINTOWN,2
OHIO,ZANESVILLE,2
OHIO,,28
OHIO,OREGON,2
OHIO,MACEDONIA,1
OHIO,COLUMBUS,23
OHIO,COLUMBIANA,1
OHIO,"MIDDLEBURG HEIGHTS",2
OHIO,URBANA,1
OHIO,MARYSVILLE,1
OHIO,DAYTON,7
OHIO,CINCINNATI,11
OHIO,SPRINGFIELD,1
OHIO,"SOUTH RUSSELL",2
OHIO,HAMILTON,2
OHIO,WITHHELD,2
OHIO,STERLING,1
OHIO,SPRINGDALE,1
OHIO,CANTON,3
OHIO,YOUNGSTOWN,1
OHIO,BEACHWOOD,1
OHIO,ROSSFORD,1
OHIO,"COLUMBUS,",1
OHIO,ASHVILLE,1
OHIO,"WEST CHESTER",3
OHIO,MENTOR,4
OHIO,WESTLAKE,1
OHIO,LAKEWOOD,2
OHIO,NORTHSIELD,1
OHIO,"NORTH CANTON",1
OHIO,"AMHERST ",1
OHIO,CENTERVILLE,1
OHIO,MASON,2
OHIO,"COLUMBUS ",4
OHIO,TOLEDO,3
OHIO,ASHLAND,1
OHIO,MILFORD,2
OHIO,DELPHUS,1
OHIO,"CUYAHOGA FALLS",1
OHIO,SPRINGFIRLD,1
OHIO,FAIRFIELD,2
OHIO,PARMA,3
OHIO," MIAMISBURG",1
OHIO,POLAND,2
OHIO,WICKLIFFE,1
OHIO,WESTERVILLE,3
OHIO,SOLON,5
OHIO,PROCTORVILLE,2
OHIO,"CLEVELAND HEIGHTS,",1
OHIO,MEDINA,3
OHIO,FREMONT,1
OHIO,HUBBARD,1
OHIO,SANDUSKY,3
OHIO,"2454 W MAIN ST",1
OHIO,CLINTON,1
OHIO,CAREY,2
OHIO,MIDDLETOWN,1
OHIO,"RICHMOND ",1
OHIO,BELLEVUE,1
OHIO,"CINCINNATI,",1
OHIO,NORWALK,1
OHIO,"SHARON CENTER",1
OHIO,AKRON,6
OHIO,LIMA,3
OHIO,KENT,1
OHIO,"FAIRVIEW PARK",2
OHIO,WADSWORTH,2
OHIO,MIAMISBURG,1
OHIO,HILLIARD,3
OHIO,BRECKSVILLE,1
OHIO,BROOKPARK,1
OHIO,"LORAIN ",1
OHIO,PERRY,1
OHIO,LORAIN,2
OHIO,44313,1
OHIO,AURORA,1
OHIO,TORONTO,1
OHIO,"NORTH RIDGEVILLE",1
OHIO,CIRCLEVILLE,3
OHIO,WOOSTER,2
OHIO,LOVELAND,4
OHIO,CLEVELAND,3
OHIO,ALLIANCE,1
OHIO,ATHENS,1
OHIO,OBERLIN,1
OHIO,DUBLIN,5
OHIO,BEAVERCREEK,1
OHIO,YOUNSTOWN,1
OHIO,BRUNSWICK,2
OHIO,GREENVILLE,2
OHIO,WAKEMAN,2
OHIO,RITTNAN,1
OHIO,AMHERST,1
OHIO,"ROCKY RIVER",1
OHIO,OAKLAND,1
OHIO,POWELL,1
OHIO,DEFIANCE,2
OHIO,WAYNESVILLE,1
OHIO,"GRAND RAPIDS",1
OHIO,STOW,2
OHIO,"CINCINNATI ",2
OHIO,"GENEVA ",1
OHIO,PIQUA,3
OHIO,SALES,1
OHIO,"LANCASTER ",1
OHIO,PATASKALA,1
OHIO,"NEW ALBANY",1
OHIO,MAINEVILLE,2
OHIO,"DEERBORN ",1
OHIO,"NEW PHILADELPHIA",1
OHIO,MARION,2
OHIO,SOUTHPOINT,1
OHIO,"EAST LIVERPOOL",1
OHIO,CLYDE,1
OHIO,WORTHGINTON,1
OHIO,"WEST CHESTER ",1
OHIO,IRONTON`,1
OHIO,"JAMESTOWN ",1
OHIO,LUCASVILLE,1
OHIO,FREEPORT,1
OHIO,UNIONTOWN,1
OHIO,STEUBENVILLE,1
OHIO,MANSON,1
OHIO,"DEFIANCE  ",1
OHIO,CANFIELD,1
OHIO,"LEWIS CENTER",1
OHIO,"YELLOW SPRINGS",1
OHIO,"UNIONTOWN ",1
OHIO,"NEWTON FALLS",1
OHIO,BOARDMAN,1
OHIO,"BOWLING GREEN",1
OHIO,"GRAND JUNCTION",1
OHIO,WHEELERSBURG,1
OHIO,SALEM,1
OHIO,"LORE CITY",1
OHIO,CALEDONIA,1
OHIO,BRIDGEPORT,1
OHIO,PERRYSBURG,1
OHIO,BEDFORD,1
OHIO,"BELLE FONPAINE",1
OHIO,MOOREHEAD,1
OHIO,DOVER,1
OHIO,ATTICA,1
OHIO,DELAWARE,1
OHIO,"WILLOUGHBY HILLS",2
OHIO,"NEW LEXINGTON",1
OHIO,TIFFIN,1
OHIO,AMELIA,1
OHIO,"COLUMBUA  ",1
OHIO,REYNOLDSBURG,1
OHIO,ZAINESVILLE,1
OHIO,"HUBER HEIGHTS",1
OHIO,VANLUE,1
OHIO,MADISON,1
OHIO,"BELLE CENTER ",1
OHIO,GREEFIELD,1
OHIO,AVON,1
OHIO,WARREN,1
OHIO,CINNCINATTI,1
OHIO,PICKERTON,1
OHIO,LANCASTER,1
OHIO,"BERLIN HEIGHTS",1
OHIO,MINCER,1
OHIO,"WILLOUGUI HILLS",1
OHIO,"SOUTH AMHERST",1
OHIO,PICKERINGTON,1
CONNECTICUT,,24
CONNECTICUT,DANBURY,7
CONNECTICUT,"EAST HARFORD",2
CONNECTICUT,RIDGEFIELD,4
CONNECTICUT,HARTFORD,3
CONNECTICUT,NORWALK,4
CONNECTICUT,"MANSFIELD CENTER",2
CONNECTICUT,NORWICH,2
CONNECTICUT,WITHHELD,1
CONNECTICUT,SOUTHBURY,2
CONNECTICUT,STAMFORD,7
CONNECTICUT,"WINDSOR LOCKS",2
CONNECTICUT,FARMINGTON,1
CONNECTICUT,TRUMBULL,2
CONNECTICUT,ENFIELD,3
CONNECTICUT,MANCHESTOR,1
CONNECTICUT,"NEW BRITON",1
CONNECTICUT,GROTON,4
CONNECTICUT,"SOUTH BURY",1
CONNECTICUT,SOUTHINGTON,1
CONNECTICUT,TORRINGTON,4
CONNECTICUT,"NEW BRIGHTON",1
CONNECTICUT,WHETHERSFIELD,1
CONNECTICUT,"NORTH HAVEN",1
CONNECTICUT,WETHERSFIELD,4
CONNECTICUT,"NEW LONDON",2
CONNECTICUT,WALLINGFORD,3
CONNECTICUT,"APPLE VALLEY",1
CONNECTICUT,"WEST HARTFORD",3
CONNECTICUT,FRENCH,1
CONNECTICUT,"WESTHARTFORD ",1
CONNECTICUT,MADISON,2
CONNECTICUT,BRIDGEPORT,3
CONNECTICUT,"NEW BRITAIN",1
CONNECTICUT,UNCASVILLE,1
CONNECTICUT,GREENWICH,6
CONNECTICUT,WINDSOR,3
CONNECTICUT,MANCHESTER,4
CONNECTICUT,BLOOMFIELD,2
CONNECTICUT,"NEW HAVEN",6
CONNECTICUT,"WEST HAVEN",2
CONNECTICUT,"EAST HARTFORD",1
CONNECTICUT,STRATFORD,1
CONNECTICUT,MORRIS,1
CONNECTICUT,FAIRFIELD,2
CONNECTICUT,HAMDEN,3
CONNECTICUT,WILMINGTON,1
CONNECTICUT,BRIDGEWATER,1
CONNECTICUT,MERIDEN,2
CONNECTICUT,"OLD GREENWICH",1
CONNECTICUT,GLASTONBURY,2
CONNECTICUT,"NEW MILFORD",1
CONNECTICUT,NEWINGTON,5
CONNECTICUT,"MIDDLETOWN ",1
CONNECTICUT,"NEW FAIRFIELD",1
CONNECTICUT,WATERBURY,1
CONNECTICUT,"WEST HARTFORD ",2
CONNECTICUT,NEWTOWN,1
CONNECTICUT,"WEST GRANBY",1
CONNECTICUT,"EAST HAMPTON",1
CONNECTICUT,HAMDON,1
CONNECTICUT,DANIELSON,1
CONNECTICUT,"NORWALK ",1
CONNECTICUT,"NEW TOWN",1
CONNECTICUT,AVON,3
CONNECTICUT,MIDDLETOWN,1
CONNECTICUT,WILLIMANTIC,1
CONNECTICUT,BRANFORD,2
CONNECTICUT,HARTFORT,1
CONNECTICUT,MYSTIC,1
CONNECTICUT,"SOUTH WINDSOR",1
CONNECTICUT,UNIONVILLE,1
CONNECTICUT,SUFFIELD,1
CONNECTICUT,"STANDFORD ",1
CONNECTICUT,CANTON,1
CONNECTICUT," MIDDLETOWN, ",1
CONNECTICUT,DAYVILLE,1
CONNECTICUT,BROOKFIELD,1
CONNECTICUT,MILFORD,2
CONNECTICUT,"WEST PORT",1
CONNECTICUT,DERBY,1
CONNECTICUT,BRISTOL,1
CONNECTICUT,"STAMFORD ",1
CONNECTICUT,NAUGATUCK,1
CONNECTICUT,SOUTHPORT,1
NEBRASKA,OMAHA,13
NEBRASKA,,4
NEBRASKA,LINCOLN,12
NEBRASKA,"PAPILLION ",1
NEBRASKA,WATERLOO,1
NEBRASKA,STEWART,1
NEBRASKA,HASTINGS,1
NEBRASKA,BROADWATER,1
NEBRASKA," NORTH PLATTE ",2
NEBRASKA,"OMAHA ",1
NEBRASKA,"LINCOLN ",1
INDIANA,,14
INDIANA,PORTAGE,1
INDIANA,MISHAWAKA,4
INDIANA,EVANSVILLE,6
INDIANA,"NEW ALBANY",6
INDIANA,INDIANAPOLIS,19
INDIANA,MERRILLVILLE,3
INDIANA,NOBLESVILLE,2
INDIANA,GREENWOOD,3
INDIANA,FISHERS,1
INDIANA,"MICHIGAN CITY",1
INDIANA,"WILLIAMS TOWN",1
INDIANA,"EVANSVILLE ",1
INDIANA,"FT WAYNE",1
INDIANA,MUNCIE,3
INDIANA,VINCENNES,3
INDIANA,RICHMOND,2
INDIANA,"CROWN POINT",4
INDIANA,HIGHLAND,1
INDIANA,LAFAYETTE,3
INDIANA,FRANKLIN,1
INDIANA,SYRACUSE,1
INDIANA,TOPEKA,1
INDIANA,GOSHEN,2
INDIANA,ZIONSVILLE,1
INDIANA,"CROWN POINT ",1
INDIANA,"LA PORTE",1
INDIANA,RENSSELAER,1
INDIANA,"CEDAR LAKE",1
INDIANA,MUNSTER,5
INDIANA,"FORT WAYNE",6
INDIANA,MIDDLEBURY,1
INDIANA,GREENFIELD,2
INDIANA,ALBANY,1
INDIANA,"EAST CHICAGO",1
INDIANA,"GREENWOOD ",1
INDIANA,MEMPHIS,1
INDIANA,"NOTRE DAME",1
INDIANA,"WEST BADEN ",1
INDIANA,HAMMOND,4
INDIANA,BLOOMINGTON,6
INDIANA,ELKHART,1
INDIANA,COLUMBUS,1
INDIANA,MARTINSVILLE,2
INDIANA,COVINGTON,1
INDIANA,LADOGA,1
INDIANA,"CLOVER DOE",1
INDIANA,"NOBLESVILLE ",1
INDIANA,CARMEL,3
INDIANA,BEDFORD,1
INDIANA,ELWOOD,1
INDIANA,WHITING,1
INDIANA,MIDDLETOWN,1
INDIANA,JEFFERSONVILLE,1
INDIANA,CLARKSVILLE,1
INDIANA,BEDOFRD,1
INDIANA,GEORGETOWN,1
INDIANA,SELLERBURG,1
INDIANA,ORLEANS,1
INDIANA,ANDERSON,3
INDIANA,"13531 NORA LANE, MISHAWAKA IN 46544",1
INDIANA,CONNERSVILLE,2
INDIANA,MERRIVILLE,2
INDIANA,"FISHER S",1
INDIANA,SLOYESKNOBS,1
INDIANA,VALPORISO,1
INDIANA,VALPARAISO,3
INDIANA,"FRENCH LICK",1
INDIANA,CLOVERDALE,1
INDIANA,PLAINFIELD,3
INDIANA,"NORTH VERNON",1
INDIANA,WOOSTER,1
INDIANA,"SOUTH BEND",1
INDIANA,AVON,1
INDIANA,"INDIANAPOLIS  ",1
INDIANA,ELLETTSVILLE,1
INDIANA,SELLERSBURG,1
INDIANA,"MUNICE ",1
INDIANA,SOUTHPORT,1
INDIANA,MARION,1
ARIZONA,,14
ARIZONA,SCOTTSDALE,11
ARIZONA,PHOENIX,25
ARIZONA,GLENDALE,4
ARIZONA,GOODYEAR,5
ARIZONA,CHANDLER,6
ARIZONA,TUCSON,18
ARIZONA,AVONDALE,1
ARIZONA,AWATUHKE,1
ARIZONA,"SAN TAN VALLEY",1
ARIZONA,HAVASU,1
ARIZONA,TEMPE,9
ARIZONA,"GOODYEAR AZ",1
ARIZONA,TATCHER,1
ARIZONA,YUMA,4
ARIZONA,"PRESCOTT VALLEY",2
ARIZONA,RICO,1
ARIZONA,GILBERT,12
ARIZONA,PAYSON,1
ARIZONA,"SANTAN VALLEY",1
ARIZONA,MESA,7
ARIZONA,PRESCOTT,4
ARIZONA,"PEORIA ",1
ARIZONA,"SIERRA VISTA ",2
ARIZONA,PEORIA,7
ARIZONA,"ORO VALLEY",1
ARIZONA,"SIERRA VISTA",2
ARIZONA,"FORT HUACHUCA",1
ARIZONA,"SAN PAN VALLEY",1
ARIZONA,"LAKE HAVASU CITY",1
ARIZONA,SEDONA,1
ARIZONA,LAVEEN,1
ARIZONA,"GOLDEN VALLEY",1
ARIZONA,"SCOTTSDALE ",1
ARIZONA,PHEONIX,1
ARIZONA,HIGLEY,1
ARIZONA,CAREFREE,2
ARIZONA,SURPRISE,2
ARIZONA,"PARADISE VALLEY",1
ARIZONA,"PHOENIX ",1
ARIZONA,LAFEYETTE,1
ARIZONA,FLAGSTAFF,4
ARIZONA,"SHOW LOW",1
ARIZONA,AJO,1
ARIZONA,"LITCHFIELD PARK",2
ARIZONA,LAVENE,1
ARIZONA,JEROME,1
ARIZONA,"LAKE HAVASU ",1
ARIZONA,"CASA GRANDE",1
ARIZONA,"BULLHEAD CITY",1
ARIZONA,PINEPOP,1
ARIZONA," TUCSON",2
KENTUCKY,,7
KENTUCKY,LOUISVILLE,18
KENTUCKY,"LEXINGTON,",1
KENTUCKY,MAYSVILLE,1
KENTUCKY,"BEAVER DAME",1
KENTUCKY,FRANKFORT,1
KENTUCKY,LOUISVILL,1
KENTUCKY,CRESTWOOD,1
KENTUCKY,MARION,1
KENTUCKY,VERDONIA,1
KENTUCKY,SPANFORD,1
KENTUCKY,"FT KNOX",1
KENTUCKY,FLORENCE,3
KENTUCKY,LEXINGTON,9
KENTUCKY,SARBALE,1
KENTUCKY,"LOUISVILLE ",3
KENTUCKY,COVINGTON,1
KENTUCKY,HODGENVILLE,1
KENTUCKY,"BOWLING GREEN",3
KENTUCKY,WINCHESTER,3
KENTUCKY,BENTON,2
KENTUCKY,PADUCAH,1
KENTUCKY,SOMERSET,1
KENTUCKY,WILLIAMSBURG,1
KENTUCKY,UNION,2
KENTUCKY,"COLD SPRING",1
KENTUCKY,"FT. MITCHELL",1
KENTUCKY,CORBIN,1
KENTUCKY,NICHOLASVILLE,2
KENTUCKY,"VILLA HILLS",1
KENTUCKY,"SOUTH SHORE",1
KENTUCKY,"LOUISVILLE  ",1
KENTUCKY,BAREA,1
KENTUCKY,ELIZABETHTOWN,1
KENTUCKY,VANCEBURG,1
KENTUCKY,"LEXINGTON  ",1
KENTUCKY,RICHMOND,1
KENTUCKY,BURLINGTON,2
KENTUCKY,"DAWSON SPRINGS",2
KENTUCKY,CAMPBELLSBURG,1
KENTUCKY,"CRESCENT SPRINGS",1
KENTUCKY,CLAY,1
KENTUCKY,"MOUNT STERLING ",1
KENTUCKY,"MOUNT STERLING KY ",1
KENTUCKY,WILDER,1
KENTUCKY,GREENUP,1
KENTUCKY,CYNTHIANA,2
KENTUCKY,"FORT WRIGHT",1
KENTUCKY,ROOSEVELT,1
KENTUCKY,GEORGETOWN,1
KENTUCKY,HARRODSBURG,1
MISSOURI,"SAINT LOUIS",3
MISSOURI,"LEES SUMMIT",2
MISSOURI,"ST LOUIS ",1
MISSOURI,"ST CHARLES",2
MISSOURI,,10
MISSOURI,COLUMBIA,8
MISSOURI,"ST. LOUIS",12
MISSOURI,"ST LOUIS",6
MISSOURI,JOPLIN,3
MISSOURI,"CHESTERFIELD,",1
MISSOURI,STOCKTON,1
MISSOURI,SPRINGFIELD,1
MISSOURI,ROLLA,3
MISSOURI,KIRKSVILLE,1
MISSOURI,"GARDEN CITY",1
MISSOURI,"LEE SUMMIT",3
MISSOURI,"LAKE SAINT LOUIS",1
MISSOURI,NIANGUA,1
MISSOURI,FENTON,1
MISSOURI,INDEPENDENCE,2
MISSOURI,BOONVILLE,1
MISSOURI,TRENTON,1
MISSOURI,"KANSAS CITY",9
MISSOURI,EUREKA,1
MISSOURI,"SOUTH WEST ",1
MISSOURI,CHESTERFIELD,2
MISSOURI,"ST. CHARLES",1
MISSOURI,MAPLEWOOD,1
MISSOURI,"PALM BEACH GARDENS",1
MISSOURI,WILDWOOD,2
MISSOURI,SIKESTON,2
MISSOURI,FORISTELL,1
MISSOURI,"SAINT JOSEPH",2
MISSOURI,ELIZAVILLE,1
MISSOURI,"O FALLON",1
MISSOURI,SEDALIA,1
MISSOURI,WASHINGTON,2
MISSOURI,CLAYTON,1
MISSOURI,"CAPE GIRARDEAU",2
MISSOURI,"MARYLAND HEIGHTS",1
MISSOURI,WENTZVILLE,1
MISSOURI,ST.LOUIS,1
MISSOURI,GAINESVILLE,1
MISSOURI,"ST. PETERS",1
MISSOURI,O'FALLON,1
MISSOURI," ST. LOUIS ",1
MISSOURI,BELTON,1
MISSOURI,"SAINT PETERS",1
MISSOURI,"SPRINGFIELD ",1
MISSOURI,"CARL JUNCTION ",1
MISSOURI,"OAK RIDGE",1
MISSOURI,FLORISSANT,1
MISSOURI,OVERLAND,1
MISSOURI,CARUTHERSVILLE,1
MISSOURI,"HOUSE SPRINGS",1
MISSOURI,HAZELWOOD,1
VIRGINIA,,25
VIRGINIA,HAMPTON,5
VIRGINIA,FAIRFAX,4
VIRGINIA,"MC LEAN",3
VIRGINIA,ROANOKE,5
VIRGINIA,CHARLOTTESVILLE,3
VIRGINIA,MCLEAN,4
VIRGINIA,ALEXANDRIA,26
VIRGINIA,STERLING,2
VIRGINIA,HERNDON,6
VIRGINIA,WOODBRIDGE,4
VIRGINIA,MECHANICSVILLE,1
VIRGINIA,RICHMOND,11
VIRGINIA,LYNCHBURG,1
VIRGINIA,WITHHELD,3
VIRGINIA,SUFFEX,1
VIRGINIA,LORTON,6
VIRGINIA,CHESAPEAKE,5
VIRGINIA,"VIRGINIA BEACH",12
VIRGINIA,LEESBURG,4
VIRGINIA,CENTERVILLE,1
VIRGINIA,FREDERICKSBURG,8
VIRGINIA,"KING GEORGE",1
VIRGINIA,CHEKOPEE,1
VIRGINIA,RICOH,1
VIRGINIA,"WASHINGTON DC",1
VIRGINIA,"FREDERICKSBURG ",1
VIRGINIA,BRISTOW,1
VIRGINIA,DANVILLE,1
VIRGINIA,NORFO;K,1
VIRGINIA,DULLES,1
VIRGINIA,SALEM,1
VIRGINIA,"COLONIAL HEIGHTS",2
VIRGINIA,WOODRIDGE,2
VIRGINIA,"NEWPORT NEWS",6
VIRGINIA,ARLINGTON,19
VIRGINIA,"RICHMOND ",2
VIRGINIA,"CHESAPEAKE ",2
VIRGINIA,SUNNYVALE,1
VIRGINIA,HARRISONBURG,2
VIRGINIA,ANNANDALE,4
VIRGINIA,STAFFORD,3
VIRGINIA,CENTREVILLE,1
VIRGINIA,"YORKTOWN ",1
VIRGINIA,ASHBURN,2
VIRGINIA,NORFOLK,4
VIRGINIA,PETERSBURG,1
VIRGINIA,"MOUNT SOLON",1
VIRGINIA,GAINESVILLE,2
VIRGINIA,MANASSAS,4
VIRGINIA,VIENNA,1
VIRGINIA,"GATE CITY",1
VIRGINIA,IRVINGTON,1
VIRGINIA,"ALEXANDRIA ",1
VIRGINIA,CHEASAPEAKE,1
VIRGINIA,SPRINGFIELD,1
VIRGINIA,MONTPELIER,1
VIRGINIA,"CHARLES CITY",1
VIRGINIA,CLIFTON,1
VIRGINIA,"ROCKFORD ",1
VIRGINIA,NOKESVILLE,1
VIRGINIA,"P.O. BOX 3331 MECHANICSVILLE VA 23116",1
VIRGINIA,TROUTVILLE,1
VIRGINIA,ANDOVER,1
VIRGINIA,SUFFOLK,1
VIRGINIA,STUART,1
VIRGINIA,"ROCKBRIDGE BATHS",1
VIRGINIA,PORTSMOUTH,2
VIRGINIA,"VIENNA ",1
VIRGINIA,"SOUTH RIDING",1
VIRGINIA,BURKE,1
VIRGINIA,MIDDLEBURGE,1
VIRGINIA,WINCHESTER,1
VIRGINIA,DUMFRIES,1
VIRGINIA,MIDDLEBROOK,1
VIRGINIA,GLOUCESTER,1
VIRGINIA,WILLIAMSBURG,2
VIRGINIA,"QUANTICO ",1
VIRGINIA,ANNADALE,1
VIRGINIA,MIDLTOTHIAN,1
VIRGINIA,"ROCKY MOUNT ",1
VIRGINIA,CATAWBA,1
VIRGINIA,"ARLINGTON ",2
VIRGINIA,ROANKE,1
VIRGINIA,"MADISON HEIGHTS",1
VIRGINIA,LEXINGTON,1
VIRGINIA,"PATRICK SPRINGS",1
VIRGINIA,POWHATAN,1
VIRGINIA,"NORTH CHESTERFEILD",1
VIRGINIA,"LAKE RIDGE",1
VIRGINIA,"MONTGOMERY VILLAGE ",1
VIRGINIA,RUCKERSVILLE,2
VIRGINIA,"KOKILL DEVIL HILLS",1
VIRGINIA,"SOUTH BOSTON",1
VIRGINIA,FARMVILLE,1
VIRGINIA,HAYMARKET,2
VIRGINIA,CHESTER,1
VIRGINIA,BLACKSTONE,1
VIRGINIA,"GREAT FALLS",1
VIRGINIA,HENRICO,1
VIRGINIA,"SOUTH CHESTERFIELD",1
VIRGINIA,"FALLS CHURCH",5
VIRGINIA,KESWICK,1
VIRGINIA,"TRIANGLE ",1
VIRGINIA,"UPPER MARLBORO",1
VIRGINIA,EXMORE,1
VIRGINIA,20170,1
VIRGINIA,"STEPHENS CITY",1
VIRGINIA,"WOODBRIDGE ",1
VIRGINIA,"BLUEFIELD  ",1
VIRGINIA,"GATE CITY ",1
VIRGINIA,BUCHANAN,1
VIRGINIA,MOSELY,1
VIRGINIA,HOPEWELL,1
VIRGINIA,RUSTBURG,1
VIRGINIA,WARRENTON,1
VIRGINIA,SHAWSVILLE,1
"NORTH CAROLINA",,14
"NORTH CAROLINA",CHARLOTTE,20
"NORTH CAROLINA",WITHHELD,3
"NORTH CAROLINA",FAYETTEVILLE,8
"NORTH CAROLINA",GREENSBORO,8
"NORTH CAROLINA","WINSTON SALEM",3
"NORTH CAROLINA",RALEIGH,17
"NORTH CAROLINA","GREENSBORO,",1
"NORTH CAROLINA",SHELBY,2
"NORTH CAROLINA",HUNTERSVILLE,1
"NORTH CAROLINA",DURHAM,4
"NORTH CAROLINA",ASHVILLE,4
"NORTH CAROLINA",ROCKINGHAM,1
"NORTH CAROLINA",SELMA,1
"NORTH CAROLINA",SALISBURY,2
"NORTH CAROLINA",GREENVILLE,5
"NORTH CAROLINA","DURHAM ",1
"NORTH CAROLINA",KERNERSVILLE,2
"NORTH CAROLINA","CHINA GROVE",2
"NORTH CAROLINA",WINTERVILLE,1
"NORTH CAROLINA","CHARLOTTE ",3
"NORTH CAROLINA",MORRISVILLE,1
"NORTH CAROLINA",HICKORY,1
"NORTH CAROLINA",WILSON,1
"NORTH CAROLINA",WILMINGTON,3
"NORTH CAROLINA","WILSON ",1
"NORTH CAROLINA","SOUTHERN PINES ",1
"NORTH CAROLINA",KNIGHTDALE,1
"NORTH CAROLINA",CARY,3
"NORTH CAROLINA","NEW LONDON",1
"NORTH CAROLINA","BEULAVILLE ",1
"NORTH CAROLINA",RICHLANDS,3
"NORTH CAROLINA",HUBERT,1
"NORTH CAROLINA",MOORESVILLE,2
"NORTH CAROLINA",WALLACE,1
"NORTH CAROLINA",SPRINGLAKE,1
"NORTH CAROLINA",CONCORD,2
"NORTH CAROLINA","SOUTHERN PINES",3
"NORTH CAROLINA",PITTSBORO,1
"NORTH CAROLINA",ZEBULON,1
"NORTH CAROLINA","MOORESVILLE ",1
"NORTH CAROLINA",APEX,2
"NORTH CAROLINA","CHAPEL HILL",3
"NORTH CAROLINA",SANFORD,1
"NORTH CAROLINA",KANNAPOLIS,1
"NORTH CAROLINA","WILLOW SPRING",1
"NORTH CAROLINA","HIGH POINT ",1
"NORTH CAROLINA",CORNELUS,1
"NORTH CAROLINA",SOPHIA,1
"NORTH CAROLINA",JACKSON,1
"NORTH CAROLINA",GRIFTON,1
"NORTH CAROLINA",GAINSVILLES,1
"NORTH CAROLINA",MEBANE,2
"NORTH CAROLINA","NEW HILL",1
"NORTH CAROLINA",COROLLA,1
"NORTH CAROLINA",SUMMERFIELD,1
"NORTH CAROLINA",CHAROLETTE,1
"NORTH CAROLINA",HENDERSON,1
"NORTH CAROLINA",JACKSONVILLE,3
"NORTH CAROLINA",ASHEVILLE,2
"NORTH CAROLINA",GASTONIA,2
"NORTH CAROLINA",VALDESE,2
"NORTH CAROLINA","NORTH TOPSAIL BEACH",1
"NORTH CAROLINA","WILMINGTON ",1
"NORTH CAROLINA",BOONE,1
"NORTH CAROLINA","INDIAN TRAIL",1
"NORTH CAROLINA","ASHVILLE ",1
"NORTH CAROLINA",THOMASVILLE,1
"NORTH CAROLINA",WILMINTGON,1
"NORTH CAROLINA","N TOPSAIL BEACH",1
"SOUTH CAROLINA",,12
"SOUTH CAROLINA",CHARLESTON,6
"SOUTH CAROLINA","HILTON HEAD ISLAND",2
"SOUTH CAROLINA","WEST COLUMBIA",1
"SOUTH CAROLINA",MOORE,1
"SOUTH CAROLINA","MYRTLE BEACH",6
"SOUTH CAROLINA","GREER ",1
"SOUTH CAROLINA",FLORENCE,2
"SOUTH CAROLINA",GREENWOOD,1
"SOUTH CAROLINA",MATTHEWS,1
"SOUTH CAROLINA",GREENVILLE,5
"SOUTH CAROLINA",BLUFFTON,2
"SOUTH CAROLINA",GREENSVILLE,1
"SOUTH CAROLINA","SPARTANBURG ",1
"SOUTH CAROLINA",TAYLORS,1
"SOUTH CAROLINA",COLUMBIA,8
"SOUTH CAROLINA",KERSHAW,1
"SOUTH CAROLINA","YONGES ISLAND ",1
"SOUTH CAROLINA","IRMO ",1
"SOUTH CAROLINA",SUMTER,1
"SOUTH CAROLINA",LIBERTY,1
"SOUTH CAROLINA",LAURENS,1
"SOUTH CAROLINA",CAMDEN,2
"SOUTH CAROLINA",EASLEY,1
"SOUTH CAROLINA","NORTH CHARLESTON",2
"SOUTH CAROLINA",LEXINGTON,1
"SOUTH CAROLINA","NORTH MYRTLE BEACH",1
"SOUTH CAROLINA","MOUNT PLEASANT ",1
"SOUTH CAROLINA",ROCKHILL,1
"SOUTH CAROLINA",WEDGEFEILD,1
"SOUTH CAROLINA","TRAVELERS REST",2
"SOUTH CAROLINA","FORT MILL",1
"SOUTH CAROLINA",BEAUFORT,1
"SOUTH CAROLINA",SPARTANBURG,1
"SOUTH CAROLINA",SUMMERVILLE,2
"SOUTH CAROLINA",SANTEE,1
"SOUTH CAROLINA","TIMMONSVILLE  ",1
"SOUTH CAROLINA",PENDOTLEN,1
"SOUTH CAROLINA","MOUNTAIN REST",2
"SOUTH CAROLINA",ELGIN,1
"SOUTH CAROLINA","LEXINGTON ",1
"SOUTH CAROLINA",CONWAY,2
"SOUTH CAROLINA","BLUFFTON ",1
"SOUTH CAROLINA",YORK,1
"SOUTH CAROLINA","MT PLEASANT",2
"SOUTH CAROLINA","ROCK HILL",1
"SOUTH CAROLINA","HANAHAN ",1
"SOUTH CAROLINA",SENECA,1
"SOUTH CAROLINA",ROEBUCK,1
"SOUTH CAROLINA","PORT ROYAL",1
"SOUTH CAROLINA","PARRIS ISLAND ",1
"NEW HAMPSHIRE",MANCHESTER,3
"NEW HAMPSHIRE",SALEM,2
"NEW HAMPSHIRE","NASHUA,",1
"NEW HAMPSHIRE",NASHUA,5
"NEW HAMPSHIRE",KEENE,1
"NEW HAMPSHIRE",BROOKLINE,1
"NEW HAMPSHIRE",HILL,1
"NEW HAMPSHIRE",DURHAM,1
"NEW HAMPSHIRE","NEW HAMPTON",2
"NEW HAMPSHIRE",GILFORD,1
"NEW HAMPSHIRE",BEDFORD,3
"NEW HAMPSHIRE",MILFORD,1
"NEW HAMPSHIRE",HUDSON,1
"NEW HAMPSHIRE",EXETER,2
"NEW HAMPSHIRE",LONDONDERRY,1
"NEW HAMPSHIRE",ATIKSON,1
"NEW HAMPSHIRE",DERRY,1
"NEW HAMPSHIRE",LONDONDNERRY,2
"NEW HAMPSHIRE",CONCORD,1
"NEW HAMPSHIRE",PORTSMOUTH,1
"NEW HAMPSHIRE","MANCHESTER ",1
"NEW HAMPSHIRE",PELHAM,1
"NEW HAMPSHIRE",BARRINGTON,1
"WEST VIRGINIA",,3
"WEST VIRGINIA",FAIRMONT,2
"WEST VIRGINIA","BERKELEY SPRINGS",1
"WEST VIRGINIA",BRANCHLAND,1
"WEST VIRGINIA",PARKERSBURG,2
"WEST VIRGINIA",CULLODEN,1
"WEST VIRGINIA",PRINCETON,3
"WEST VIRGINIA",MORGANTOWN,2
"WEST VIRGINIA",PAKERSBURG,1
"WEST VIRGINIA",BARBOURSVIILLE,1
"WEST VIRGINIA","HUNTINGTON ",1
"WEST VIRGINIA","HARPERS FERRY",1
"WEST VIRGINIA",HUNTINGTON,1
"WEST VIRGINIA","CROSS LANES",2
"WEST VIRGINIA","CULLODEN ",1
"WEST VIRGINIA","MORGANTOWN ",1
"WEST VIRGINIA","SAINT ALBANS",1
"WEST VIRGINIA","MURPHYS SPRING",1
"WEST VIRGINIA",LETART,1
"WEST VIRGINIA",MARTINSBURG,2
"WEST VIRGINIA",BECKLEY,1
"WEST VIRGINIA","BLUEFIELD ",1
"WEST VIRGINIA",SPENCER,1
"WEST VIRGINIA","WHEELING ",1
LOUISIANA,WITHHELD,2
LOUISIANA,,6
LOUISIANA,LAFAYETTE,10
LOUISIANA,SHREVEPORT,7
LOUISIANA,"NEW IBERIA",1
LOUISIANA,MANDEVILLE,3
LOUISIANA,HAUGHTON,1
LOUISIANA,"NEW ORLEANS",10
LOUISIANA,BAKER,2
LOUISIANA,MONROE,2
LOUISIANA,"BAON ROUGE",1
LOUISIANA,"BATON ROUGE",13
LOUISIANA,"NEW ORLEANS ",2
LOUISIANA,"WEST MONROE",1
LOUISIANA,FULSOM,1
LOUISIANA,"LAKE CHARLES",3
LOUISIANA,VACHERIE,1
LOUISIANA,GONZALES,1
LOUISIANA,LALANE,1
LOUISIANA,LAPLACE,1
LOUISIANA,METAIRIE,7
LOUISIANA,KENNER,2
LOUISIANA,"DENHAM SPRINGS",4
LOUISIANA,AVONDALE,1
LOUISIANA,HAMMOND,1
LOUISIANA,BASTROP,1
LOUISIANA,"BOSSIER CITY",2
LOUISIANA,"DES ALLEMANDS",2
LOUISIANA,"BREAUX BRIDGE",1
LOUISIANA,GRETNA,3
LOUISIANA,"PEARL RIVER",1
LOUISIANA,KAPLAN,1
LOUISIANA,"ABITA SPRINGS",2
LOUISIANA,"ELM GROVE",1
LOUISIANA,BURAS,1
LOUISIANA,GREENWOOD,1
LOUISIANA,"ST. AMANT",1
LOUISIANA,MARYVLLE,1
LOUISIANA,MADISONVILLE,1
LOUISIANA,MARKSVILLE,1
LOUISIANA,"YOUNGSVILLE ",1
LOUISIANA,DELCOME,1
LOUISIANA,HOUMA,1
LOUISIANA,BERG,1
LOUISIANA,"ABIPA SPRINGS",1
LOUISIANA,GARYVILLE,1
LOUISIANA,SLIDEL,3
LOUISIANA,"CENTRAL CITY",1
LOUISIANA,"LAKE TORO",1
LOUISIANA,"CONVERSE LA",1
LOUISIANA,BOSSIER,1
LOUISIANA,OPELOUSAS,1
LOUISIANA,ALEXANDRIA,1
LOUISIANA,"METAIRIE ",1
LOUISIANA,COVINGTON,3
LOUISIANA,COUSHATTA,2
LOUISIANA,FARMERVILLE,1
LOUISIANA,"LAKE CHARLES ",1
LOUISIANA,MONTZ,1
LOUISIANA,"BATON ROUGH",1
LOUISIANA,SLIDELL,1
LOUISIANA,"BATON ROUGE ",1
LOUISIANA,"ST. FRANCISVILLE",1
LOUISIANA,THIBODAUX,1
LOUISIANA,"SHREVEPORT ",1
LOUISIANA,MANDERVILLE,1
LOUISIANA,DESTREHAN,1
"NEW JERSEY",,8
"NEW JERSEY",HAZLET,3
"NEW JERSEY","NORTH ARLINGTON",1
"NEW JERSEY",JBMDL,1
"NEW JERSEY",AMBOY,1
"NEW JERSEY",SUMMIT,1
"NEW JERSEY","JERSEY CITY",2
"NEW JERSEY",HAMILTON,2
"NEW JERSEY",PHILIDELPHIS,1
"NEW JERSEY","UNION ",1
"NEW JERSEY","RED BANK",1
"NEW JERSEY",BAYONNE,1
"NEW JERSEY",MANASQUAN,1
"NEW JERSEY","SADDLE RIVER",1
"NEW JERSEY","RIVER VALE",1
"NEW JERSEY",MAPLEWOOD,1
"NEW JERSEY",EDISON,1
"NEW JERSEY",SOMERSET,2
"NEW JERSEY",CLEMENTON,1
"NEW JERSEY",BARNEGAT,1
"NEW JERSEY",LYNDHURST,1
"NEW JERSEY",LAWRENCEWILLE,1
"NEW JERSEY",HENSTON,1
"NEW JERSEY",TRENTON,1
"NEW JERSEY",UNION,1
"NEW JERSEY","UNION CITY",1
"NEW JERSEY","BEACHWOOD ",1
"NEW JERSEY",PISCATAWAY,1
"NEW JERSEY",FREEHOLD,1
"NEW JERSEY",FLORENCE,1
"NEW JERSEY","FAIR LAWN",1
"NEW JERSEY",BELLEVILLE,1
"NEW JERSEY","NORTH ",1
"NEW JERSEY",WESTFIELD,1
"NEW JERSEY","ASBURY PARK",1
"NEW JERSEY","CHERRY HILL",1
"NEW JERSEY",CARTERET,1
"NEW JERSEY","WEST ORANGE",3
"NEW JERSEY",ABSECON,1
"NEW JERSEY","BROWNS MILLS",1
"NEW JERSEY","SOUTH HACKENSACK",1
"NEW JERSEY",SEWELL,1
"NEW JERSEY",EPTFORD,1
"NEW JERSEY",RANDOLPH,1
"NEW JERSEY","MOUNT LAUREL",1
"NEW JERSEY",BRIDGEWATER,1
"NEW JERSEY",HEACKETTSTOWN,1
"NEW JERSEY",PALINFIELD,1
"NEW JERSEY",VORRHES,1
"NEW JERSEY",WAYNE,1
"NEW JERSEY",PARAMUS,1
"NEW JERSEY","VINELAND ",1
"NEW JERSEY",RIDGEWOOD,1
"NEW JERSEY",NUTLEY,1
"NEW JERSEY","WOODLAND PARK",1
"NEW JERSEY",SAYERVILLE,1
"NEW JERSEY","PRINCETON JUNCTION",1
"NEW JERSEY","EDISON ",1
"NEW JERSEY",JACKSON,1
"NEW JERSEY","ELMWOOD PARK",1
"NEW JERSEY","WEST NEW YORK",1
"NEW JERSEY","GREEN BROOK",1
"NEW JERSEY","ALPHA ",1
"NEW JERSEY",PATTERSON,1
"NEW JERSEY","MOUNT HOLLY",1
"NEW JERSEY",NEWARK,3
"NEW JERSEY",BRIDANTINE,1
OREGON,BEND,3
OREGON,"WEST LINN ",1
OREGON,WITHHELD,3
OREGON,,6
OREGON,"PORTLAND ",1
OREGON,"GRANTS PASS",2
OREGON,REDMOND,1
OREGON,PORTLAND,16
OREGON,SALEM,9
OREGON,WOODBURN,2
OREGON,HERMISTON,1
OREGON,PORLAND,1
OREGON,BONANZA,1
OREGON,CORVALLIS,2
OREGON,NEWPORT,1
OREGON,ASTORIA,1
OREGON,TIGARD,3
OREGON,"HAPPY VALLEY",3
OREGON,BEVERTON,1
OREGON,BROOKINGS,1
OREGON,PRINEVILLE,1
OREGON,SANDY,1
OREGON,NEWBERG,1
OREGON,BEAVERTON,2
OREGON,"PHE DALLES",1
OREGON,DAMASCUS,2
OREGON,COLTON,1
OREGON,EUGENE,2
OREGON,DALLAS,1
OREGON,WARREN,1
OREGON,"TALENT ",1
OREGON,KEIZER,2
OREGON," HILLSBORO",1
NEVADA,,8
NEVADA,"LAS VEGAS",30
NEVADA,"BOULDER CITY ",1
NEVADA,HENDERSON,5
NEVADA,FALLON,4
NEVADA,SPARKS,8
NEVADA,"NORTH LAS VEGAS ",1
NEVADA,"FALLON ",1
NEVADA,AUSTIN,1
NEVADA,"CARSON CITY",1
NEVADA," LAS VEGAS ",1
NEVADA,RENO,6
NEVADA,"NORTH LAS VEGAS",1
NEVADA,GARDNERVILLE,1
NEVADA,"DUBAI, UAE",1
NEVADA," RENO",1
OKLAHOMA,,10
OKLAHOMA,ENID,2
OKLAHOMA,"STERLING ",1
OKLAHOMA,"MIDWEST CITY",2
OKLAHOMA,TULSA,7
OKLAHOMA,MUSKOGEE,4
OKLAHOMA,LAWTON,3
OKLAHOMA,"WARR ACRES",1
OKLAHOMA,"OKLAHOMA CITY",8
OKLAHOMA,STILLWATER,1
OKLAHOMA,CVHADWICK,1
OKLAHOMA,ERICK,1
OKLAHOMA,ARDMORE,1
OKLAHOMA,WEWOKA,1
OKLAHOMA,EDMOND,5
OKLAHOMA,TAHLEQUAH,1
OKLAHOMA,"EDMOND ",2
OKLAHOMA,NORMAN,3
OKLAHOMA,"SAND SPRINGS",1
OKLAHOMA,OKC,1
OKLAHOMA,MARIETTA,1
OKLAHOMA,WOODWARD,1
OKLAHOMA,FORTSELL,1
OKLAHOMA,WANETTE,1
OKLAHOMA,BLANCHARD,1
OKLAHOMA,"PIEDMONT ",1
OKLAHOMA,VALLIANT,1
OKLAHOMA,YUKON,3
OKLAHOMA,PORTER,1
OKLAHOMA,PERKINS,1
OKLAHOMA,DURANT,1
OKLAHOMA,"BROKEN ARROW",1
OKLAHOMA,SAPULPA,2
OKLAHOMA,SEMINOLE,1
OKLAHOMA,CLINTON,1
OKLAHOMA,HARRAH,1
OKLAHOMA,LANGLEY,1
OKLAHOMA,"SHAWNEE ",1
MINNESOTA,FARMINGTON,1
MINNESOTA,CLOQUET,2
MINNESOTA,,14
MINNESOTA,"NEW BRIGHTON",3
MINNESOTA,ST.CLOUD,1
MINNESOTA,EDINA,9
MINNESOTA,SLAYTON,1
MINNESOTA,ALEXANDRIA,2
MINNESOTA,SAVAGE,1
MINNESOTA,MINNEAPOLIS,17
MINNESOTA,"SAINT PAUL",2
MINNESOTA,DULUTH,1
MINNESOTA,"SOUTH ST. PAUL",2
MINNESOTA,WALKER,1
MINNESOTA,ST.PAUL,1
MINNESOTA,"ALBERT LEA ",1
MINNESOTA,"SAINT CLOUD",2
MINNESOTA,PLYMOUTH,2
MINNESOTA,"WHITE BEAR LAKE",2
MINNESOTA,"NEW HOPE",1
MINNESOTA,ANDOVER,1
MINNESOTA,"OAK GROVE",1
MINNESOTA,"LITTLE FALLS",1
MINNESOTA,"3700 133RD LANE NE",1
MINNESOTA,BUCKMAN,1
MINNESOTA,"PARK RAPIDS",2
MINNESOTA,CHATFIELD,1
MINNESOTA,"MAPLE GROVE",2
MINNESOTA,"ST. CLOUD",1
MINNESOTA,ROCHESTER,3
MINNESOTA,BLOOMINGTON,2
MINNESOTA,ELY,1
MINNESOTA,"ALBERT LEA",1
MINNESOTA,"VADNAIS HEIGHTS",1
MINNESOTA,"ST. LEWIS PARK",1
MINNESOTA,"NEW PREGUE",1
MINNESOTA,LAKEVILLE,3
MINNESOTA,ROGERS,2
MINNESOTA,"WHITE BEAR TOWNSHIP",1
MINNESOTA,"EDEN PRAIRIE",2
MINNESOTA,"CAMBRIDGE ",1
MINNESOTA,"BROOKLYN CENTER",1
MINNESOTA,OAKDALE,2
MINNESOTA,"BROOKLYN PARK",1
MINNESOTA,SHOREVIEW,1
MINNESOTA,ZIMMERMAN,1
MINNESOTA,"LAKE CRYSTAL",1
MINNESOTA,"TAYLORS FALLS",1
MINNESOTA,"ST. PAUL",1
MINNESOTA,"DETROIT LAKES",1
MINNESOTA,"SPRING LAKE PARK",1
MINNESOTA,MOORHEAD,1
WISCONSIN,"GREEN BAY",5
WISCONSIN,GLENDALE,2
WISCONSIN,WAUWATOSA,1
WISCONSIN,OSHKOSH,1
WISCONSIN,MADISON,6
WISCONSIN,KANSASVILLE,1
WISCONSIN,WAUKEHSA,2
WISCONSIN,WITHHELD,1
WISCONSIN,,4
WISCONSIN,BROOKFIELD,3
WISCONSIN,"MILWAUKEE ",1
WISCONSIN,KENOSHA,3
WISCONSIN,MILWAUKEE,7
WISCONSIN,MEQUON,1
WISCONSIN,SPOKANE,1
WISCONSIN,MENOMONIE,1
WISCONSIN,APPLETON,1
WISCONSIN,POYNETTE,1
WISCONSIN,WAUKESHA,3
WISCONSIN,GREENDALE,1
WISCONSIN,"LONE ROCK",1
WISCONSIN,"STEVEN'S POINT ",1
WISCONSIN,HUDSON,1
WISCONSIN,SALEM,1
WISCONSIN,JEFFERSON,1
WISCONSIN,COLFAX,1
WISCONSIN,"BEAVER DAMN",1
WISCONSIN,MANITOWOC,1
WISCONSIN,"NEW HOLSTING ",1
WISCONSIN,FREEDOM,1
WISCONSIN,JANESVILLE,2
WISCONSIN,"LAKE GENIVA ",1
WISCONSIN,"LAKE GENEVA",1
WISCONSIN,WALWORTH,1
WISCONSIN,"PLEASANT PRAIRIE",1
WISCONSIN,"WEST ALLIS",1
WISCONSIN,"CHIPPEWA FALLS",1
WISCONSIN,GREENFIELD,1
WISCONSIN,PULASKI,1
WISCONSIN,"RACINE ",1
WISCONSIN,FOXPOINT,1
WISCONSIN,LUXEMBURG,1
WISCONSIN,"SAINT FRANCIS",1
WISCONSIN,NEENAH,3
WISCONSIN,HARTFORD,1
WISCONSIN,CEDARBURG,1
ALASKA,,6
ALASKA,JUNEAU,2
ALASKA,FAIRBANKS,1
ALASKA,ANCHORAGE,19
ALASKA,"SAND POINT",1
ALASKA,"ANCHOR POINT",1
ALASKA,SKAGWAY,1
ALASKA,BETHEL,1
ALASKA,"EAGLE RIVER",1
ALASKA,WASILLA,3
ALASKA,JBER,1
ALASKA,"EAGOE RIVER",1
ALASKA,ANCOURAGE,1
ALASKA,FPO,1
ALASKA,MADISON,1
ALASKA,APO,1
"DISTRICT OF COLUMBIA",WASHINGTON,33
"DISTRICT OF COLUMBIA","FORT WALTON BEACH",1
"DISTRICT OF COLUMBIA","WASHINGTON DC",6
"DISTRICT OF COLUMBIA","WASHINGTON ",3
"DISTRICT OF COLUMBIA","WASHINGTON,",1
"DISTRICT OF COLUMBIA","WASHINGTON DC  ",1
"DISTRICT OF COLUMBIA",RICHMOND,1
"DISTRICT OF COLUMBIA","SILVER SPRING ",1
"NEW MEXICO",ALBUQUERQUE,11
"NEW MEXICO",,4
"NEW MEXICO","LAS CRUCES",2
"NEW MEXICO",WITHHELD,1
"NEW MEXICO","SANTE FE",2
"NEW MEXICO",CLOVIS,1
"NEW MEXICO","SANTA FE",3
"NEW MEXICO",MILAN,1
"NEW MEXICO",PECOS,1
"NEW MEXICO","ARTESIA ",1
"NEW MEXICO","LOS ALAMOS",1
"NEW MEXICO","SANTE FAE",1
"NEW MEXICO",GALLUP,1
"NEW MEXICO","JEMEZ SPRINGS",1
"NEW MEXICO",CARLSBAD,2
"NEW MEXICO",ALBERQUREQUE,1
"NEW MEXICO"," LOS LUNAM",1
"NEW MEXICO",PORTALES,1
"NEW MEXICO","NEW LAGUNA ",1
"NEW MEXICO",ROSWELL,1
"NEW MEXICO",PERALTA,1
"NEW MEXICO",TIJERAS,1
"NEW MEXICO","RIO RACNHO",1
"NEW MEXICO","LAS CRUCES ",1
ARKANSAS,,4
ARKANSAS,CONWAY,2
ARKANSAS,"LITTLE ROCK",6
ARKANSAS,BERRYVILLE,1
ARKANSAS,"STATE UNIVERSITY",1
ARKANSAS,ROGERS,2
ARKANSAS,BENTON,1
ARKANSAS,"NORTH LITTLE ROCK",3
ARKANSAS,LOUANN,1
ARKANSAS,SHERWOOD,1
ARKANSAS,"HOT SPRINGS",1
ARKANSAS,JONES,1
ARKANSAS,"MOUNTAIN HOME",3
ARKANSAS,"FORT SMITH",1
ARKANSAS,JACKSONVILLE,2
ARKANSAS,JONEBORO,1
ARKANSAS,FAYETTEVILLE,4
ARKANSAS,BENTONVILLE,1
ARKANSAS,"CONWAY ",1
ARKANSAS,ALMA,1
ARKANSAS,BATESVILLE,1
ARKANSAS,"MOUNTAIN HOME  ",1
ARKANSAS,SAYETTEVILLE,1
ARKANSAS,SEARCY,1
ARKANSAS,MAULTIN,1
ARKANSAS,"HUTCH SPRINGS VILLAGE",1
ARKANSAS,OZARK,1
ARKANSAS,"PINE BLUFF",1
ARKANSAS,"JONESBORO ",1
ARKANSAS,CABOT,2
ARKANSAS,ATKINS,1
ARKANSAS,"SILOAM SPRINGS",1
ARKANSAS,BLYTHEVILLE,1
ARKANSAS,"LITTLE ROCK ",1
IOWA,"SIOUX CITY",1
IOWA,"WEST DES MOINES",1
IOWA,,7
IOWA,URBANDALE,2
IOWA,PARKERSBURG,1
IOWA,MAXWELL,1
IOWA,"CEDAR FALLS",3
IOWA,CAMBRIDGE,1
IOWA,EDGEWOOD,1
IOWA,"CEDAR RAPIDS ",2
IOWA,LADORA,1
IOWA,MCMURRAY,1
IOWA,"DES MOINES",6
IOWA,MARION,1
IOWA,DAVENPORT,2
IOWA,"IOWA CITY",4
IOWA,"CEDAR RAPIDS",3
IOWA,CORALVILLE,2
IOWA,NEWTON,1
IOWA,INDEPENDENCE,1
IOWA,MEDIAPOLIS,1
IOWA,ANKENY,1
IOWA,WATERLOO,1
IOWA,RIVERSIDE,1
IOWA,BETTENDORF,1
IOWA,DETTENDORF,1
IOWA,"BLAIRS TOWN",1
IOWA,HIAWATHA,1
IOWA,DEBUQUE,1
IOWA,DENVER,1
IOWA,ALLEMAN,1
IOWA,MAYNARD,2
IOWA,"NORTH LIBERTY",1
IOWA,JESUP,1
IOWA,"FOREST CITY",1
IOWA,BROOKLYN,1
IOWA,ADAIR,1
IOWA,"IOWA FALLS",1
IOWA,WASHINGTON,1
IOWA,MORAVIA,1
IOWA,ESTHERVILLE,1
IOWA,MANNING,1
UTAH,"WASHINGTON TERRACE",1
UTAH,"PARK CITY ",1
UTAH,"GREEN RIVER",1
UTAH,,2
UTAH,OGDEN,3
UTAH,"SALT LAKE CITY",8
UTAH,DRAPER,2
UTAH,MERIDIAN,1
UTAH,CENTERVILLE,1
UTAH,LAYTON,1
UTAH,SALTLAKE,1
UTAH,TREMONTON,1
UTAH,"WEST JORDAN",1
UTAH,"IDAHO FALLS",1
UTAH,"SOUTH OGDEN",1
UTAH,"AMERICAN FORK",1
UTAH,SANDY,1
UTAH,MILFORD,1
UTAH,SANDI,1
UTAH,KAYSVILLE,1
UTAH,"GRANTS VILLE ",1
UTAH,OREM,2
UTAH,SANTAQUIN,1
UTAH,MAGNA,1
UTAH,"INCLINE VILLAGE",1
UTAH,"SALT LAKE CITY  ",2
UTAH,MURRAY,1
UTAH,GRANTSVILLE,1
UTAH,HARRISVILLE,1
MISSISSIPPI,BROOKHAVEN,1
MISSISSIPPI,JACKSON,8
MISSISSIPPI,RIDGELAND,4
MISSISSIPPI,,6
MISSISSIPPI,"NEW HEBRON",1
MISSISSIPPI,"JACKSON, MS",1
MISSISSIPPI,LAUREL,1
MISSISSIPPI,HATTIESBURG,4
MISSISSIPPI,BOGALUSA,1
MISSISSIPPI,PEARL,1
MISSISSIPPI,BILOXI,3
MISSISSIPPI,COFFEEVILLE,1
MISSISSIPPI,BALLWIN,1
MISSISSIPPI,RIENZI,1
MISSISSIPPI,"OCEANS SPRINGS",1
MISSISSIPPI,"LONG BEACH",1
MISSISSIPPI,GULFPORT,2
MISSISSIPPI,BRANDON,1
MISSISSIPPI,NATCHEZ,1
MISSISSIPPI,PASCAGOULA,1
MISSISSIPPI,"LITTLE ROCK",1
MISSISSIPPI,MERIDIAN,2
MISSISSIPPI,BENTONI,1
MISSISSIPPI,BELZONI,1
MISSISSIPPI,TERRY,1
MISSISSIPPI,CLARKSDALE,1
MISSISSIPPI,TUPELO,1
MISSISSIPPI,OXFORD,1
MISSISSIPPI,COLDWATER,1
MISSISSIPPI,"BAY ST LOUIS",1
MISSISSIPPI,SOUTHAVEN,1
MISSISSIPPI,VARDAMAN,1
MISSISSIPPI,"HOULKAR  ",1
MISSISSIPPI,POPLARVILLE,1
MISSISSIPPI,"BAY SAINT LOUIS ",1
"NORTH DAKOTA","GRAND FORKS",2
"NORTH DAKOTA",TAYLOR,1
"NORTH DAKOTA","MANDAN ",1
"NORTH DAKOTA",FARGO,1
"NORTH DAKOTA",MINOT,1
DELAWARE,,8
DELAWARE,WITHHELD,1
DELAWARE,"NEW CASTLE",4
DELAWARE,WILMINGTON,14
DELAWARE,NEWARK,3
DELAWARE,MIDDLETOWN,1
DELAWARE,"SELBYVILLE ",1
DELAWARE,DOVER,4
DELAWARE,"WILMINGTON ",2
DELAWARE,MILLSBORO,1
DELAWARE,MILFORD,1
DELAWARE,"TOWNSEND ",1
DELAWARE,BEAR,2
DELAWARE,LEWES,1
DELAWARE,"DELAWARE CITY",1
DELAWARE,MAGNOLIA,1
DELAWARE,HARRINGTON,1
VERMONT,,1
VERMONT,WILLISTON,1
VERMONT,WARREN,1
VERMONT,BRANDON,1
VERMONT,DUXBURY,1
WYOMING,,1
WYOMING,CODY,1
WYOMING,ROCKSPRINGS,1
WYOMING,"CASPER ",1
WYOMING,CASPER,2
WYOMING,CHEYANNE,1
WYOMING,"CHEYENNE ",1
WYOMING,JACKSON,1
WYOMING,CHEYENNE,1
,WITHHELD,2
,,92
"SOUTH DAKOTA","BELLE FOURCHE",1
"SOUTH DAKOTA","SIOX FALLS",1
"SOUTH DAKOTA",MILBANK,1
"SOUTH DAKOTA","RAPID CITY",4
"SOUTH DAKOTA","MCCOOK LAKE",1
"SOUTH DAKOTA",BROOKINGS,1
"SOUTH DAKOTA","SIOUX FALLS",2
"SOUTH DAKOTA",CANISTOTA,1
"SOUTH DAKOTA",SPEARFISH,1
"RHODE ISLAND",PROVIDENCE,2
"RHODE ISLAND",MIDDLETOWN,1
"RHODE ISLAND",ASHAWAY,1
"RHODE ISLAND","N PROVIDENCE",1
"RHODE ISLAND",LINCOLN,1
"RHODE ISLAND",WARWICK,1
"RHODE ISLAND","JAMESTOWN ",1
"VIRGIN ISLANDS","FREDRICKSTED ",1
"AMERICAN SAMOA","WILMINGTON ",1
"AMERICAN SAMOA",LONDON,1
"AMERICAN SAMOA",RICHMOND,1
"FEDERATED STATES OF MICRONESIA",WILMINGTON,1
